stage,status,kind,seed,recipe,dose,loss_rule_variant,bad_weight,bad_target_nll,dev_familiar_clear_correct,dev_familiar_clear_n,dev_familiar_eliciting_n,dev_familiar_errors,dev_familiar_gate_pass,dev_familiar_n,dev_familiar_noneliciting_report_correct,dev_familiar_noneliciting_report_n,dev_familiar_valid,dev_reworded_clear_correct,dev_reworded_clear_n,dev_reworded_eliciting_n,dev_reworded_errors,dev_reworded_gate_pass,dev_reworded_n,dev_reworded_noneliciting_report_correct,dev_reworded_noneliciting_report_n,dev_reworded_valid,elapsed_s,generation_status,good_clear_target_nll,good_report_target_nll,good_target_nll,greedy_pass,screen_clear_correct,screen_clear_n,screen_correct,screen_gate_pass,screen_n,screen_report_correct,screen_report_n,screen_valid,seen_omitted_bad_n,seen_omitted_bad_valid,seen_omitted_bad_valid_clear,seen_present_bad_n,seen_present_bad_valid,seen_present_bad_valid_clear,issues
s1729_baseline_omitted_loss,complete,baseline_loss_only,1729,baseline,0,omitted,1.0,2.923420422097336,,,,,,,,,,,,,,,,,,,160.82218937203288,not_requested,2.055407531238969,2.0338222040338554,2.0442471862294695,,,,,,,,,,,,,,,,
s1729_baseline_present,complete,baseline,1729,baseline,0,present,1.0,3.213281551256062,61,64,64,0,,192,64,64,192,64,64,64,0,,192,64,64,192,380.3709725518711,complete,1.9725487220583118,1.95700773922538,1.9645135077410074,,,,,,,,,,64,64,0,64,64,0,
s1729_competence_screen,complete,competence_screen,1729,baseline,0,present,1.0,,,,,,,,,,,,,,,,,,,,120.40619326988235,complete,,,,,122,128,250,True,256,128,128,256,,,,,,,
s1729_omitted_w0333_diagnose1,complete,candidate,1729,omitted_w0333,1,omitted,0.3333333333333333,0.15852491472642435,64,64,64,31,False,192,58,64,192,64,64,64,12,False,192,53,64,192,373.48183932201937,complete,0.05989318971115172,0.08134929949817388,0.07098672494040384,False,,,,,,,,,64,64,13,64,64,33,
s1729_omitted_w0333_diagnose2,complete,candidate,1729,omitted_w0333,2,omitted,0.3333333333333333,0.10628645198608257,64,64,64,35,True,192,64,64,192,64,64,64,11,False,192,62,64,192,365.3755672723055,complete,0.03277857021677596,0.05514624553170764,0.044343415688099685,False,,,,,,,,,64,64,64,64,64,36,
s1729_omitted_w0333_diagnose4,complete,candidate,1729,omitted_w0333,4,omitted,0.3333333333333333,0.10280050630298633,64,64,64,27,True,192,64,64,192,64,64,64,28,False,192,37,64,192,359.73366249585524,complete,0.01665107998219946,0.05533144803423631,0.036650139920140955,False,,,,,,,,,64,64,64,64,64,25,
s1729_omitted_w1_diagnose1,complete,candidate,1729,omitted_w1,1,omitted,1.0,0.13394220176912197,64,64,64,14,False,192,64,64,192,64,64,64,5,False,192,58,64,192,354.53616852732375,complete,0.058508562794975835,0.08539230868160001,0.07240836965874928,False,,,,,,,,,64,64,37,64,64,19,
s1729_omitted_w1_diagnose2,complete,candidate,1729,omitted_w1,2,omitted,1.0,0.11445983238445558,64,64,64,38,True,192,64,64,192,64,64,64,1,False,192,63,64,192,363.07805557223037,complete,0.05125057944330238,0.07215853057168273,0.06206069808626632,False,,,,,,,,,64,64,64,64,64,38,
s1729_omitted_w1_diagnose4,complete,candidate,1729,omitted_w1,4,omitted,1.0,0.09902867192227645,64,64,64,61,True,192,64,64,192,64,64,64,45,False,192,45,64,192,365.3461464070715,complete,0.02834889519730011,0.05508625804774674,0.04217301707507565,False,,,,,,,,,64,64,64,64,64,63,
s1729_omitted_w3_diagnose1,complete,candidate,1729,omitted_w3,1,omitted,3.0,0.12702114140679877,64,64,64,9,False,192,64,64,192,64,64,64,39,False,192,38,64,192,362.354445038829,complete,0.09145431456424806,0.11665675740251658,0.10448483082580506,False,,,,,,,,,64,64,7,64,64,13,
s1729_omitted_w3_diagnose2,complete,candidate,1729,omitted_w3,2,omitted,3.0,0.10495130565609406,64,64,64,45,True,192,64,64,192,64,64,64,46,False,192,31,64,192,365.86001179600134,complete,0.052584947453688045,0.06782310480772243,0.06046359074521872,False,,,,,,,,,64,64,64,64,64,46,
s1729_omitted_w3_diagnose4,complete,candidate,1729,omitted_w3,4,omitted,3.0,0.09973854245163731,64,64,64,24,True,192,61,64,192,64,64,64,50,False,192,21,64,192,369.4066152391024,complete,0.039352093994301,0.06387080889843737,0.052029099763983726,False,,,,,,,,,64,64,64,64,64,22,
s1729_present_w0333_diagnose1,complete,candidate,1729,present_w0333,1,present,0.3333333333333333,0.15495526514109165,64,64,64,61,True,192,64,64,192,64,64,64,8,False,192,58,64,192,384.59593501873314,complete,0.059704900795414434,0.07083021068741918,0.06545706269467692,False,,,,,,,,,64,64,36,64,64,58,
s1729_present_w0333_diagnose2,complete,candidate,1729,present_w0333,2,present,0.3333333333333333,0.10556191853321273,64,64,64,64,True,192,64,64,192,64,64,64,64,False,192,26,64,192,379.00065303361043,complete,0.035342194061649235,0.05644056624487827,0.04625076683732053,False,,,,,,,,,64,64,52,64,64,64,
s1729_present_w0333_diagnose4,complete,candidate,1729,present_w0333,4,present,0.3333333333333333,0.10205611588508892,64,64,64,64,True,192,64,64,192,64,64,64,30,False,192,44,64,192,390.0893073598854,complete,0.015663620829259293,0.055767780457913634,0.03639882921960441,False,,,,,,,,,64,64,30,64,64,64,
s1729_present_w1_diagnose1,complete,candidate,1729,present_w1,1,present,1.0,0.12430281342432604,54,64,64,25,False,192,64,64,192,49,64,64,0,False,192,64,64,192,385.64145460911095,complete,0.058005758200633147,0.07691525406079737,0.06778260780544881,False,,,,,,,,,64,64,31,64,64,23,
s1729_present_w1_diagnose2,complete,candidate,1729,present_w1,2,present,1.0,0.10800081456583595,64,64,64,64,True,192,64,64,192,64,64,64,1,False,192,62,64,192,383.3046994130127,complete,0.03846781935693384,0.05542774480364101,0.04723667504867421,False,,,,,,,,,64,64,44,64,64,64,
s1729_present_w1_diagnose4,complete,candidate,1729,present_w1,4,present,1.0,0.09960710137933912,64,64,64,64,True,192,64,64,192,64,64,64,35,False,192,42,64,192,388.57948984997347,complete,0.021846935151392907,0.05858903174337588,0.040843843117732946,False,,,,,,,,,64,64,51,64,64,64,
s1729_present_w3_diagnose1,complete,candidate,1729,present_w3,1,present,3.0,0.12635412687545172,63,64,64,52,True,192,64,64,192,64,64,64,47,False,192,36,64,192,397.05716737685725,complete,0.07528220119836956,0.10843790625994987,0.0924248233140435,False,,,,,,,,,64,64,62,64,64,51,
s1729_present_w3_diagnose2,complete,candidate,1729,present_w3,2,present,3.0,0.10907484142324968,64,64,64,64,True,192,64,64,192,63,64,64,50,False,192,19,64,192,388.0781447403133,complete,0.04486958735657482,0.06354078444150778,0.054523228426182735,False,,,,,,,,,64,64,63,64,64,64,
s1729_present_w3_diagnose4,complete,candidate,1729,present_w3,4,present,3.0,0.09901579923131526,64,64,64,64,True,192,64,64,192,64,64,64,23,False,192,54,64,192,375.1854232591577,complete,0.03517350041345755,0.056687993583408924,0.04629722182845151,False,,,,,,,,,64,64,61,64,64,64,
s1729_pure_bad_control_diagnose1,complete,bad_only_diagnostic,1729,pure_bad_control,1,present,1.0,0.11926384191049973,64,64,64,64,False,192,0,64,192,61,64,64,64,False,192,0,64,189,419.21240302408114,complete,,,,False,,,,,,,,,64,64,64,64,64,64,
s1729_pure_bad_control_diagnose4,complete,bad_only_diagnostic,1729,pure_bad_control,4,present,1.0,0.1010407003176954,64,64,64,64,False,192,0,64,192,64,64,64,64,False,192,0,64,192,330.8137199822813,complete,,,,False,,,,,,,,,64,64,64,64,64,64,
s2718_baseline_omitted_loss,complete,baseline_loss_only,2718,baseline,0,omitted,1.0,2.749006682560704,,,,,,,,,,,,,,,,,,,160.53607322182506,not_requested,2.075233749635998,1.9844560910815652,2.0282986265778686,,,,,,,,,,,,,,,,
s2718_baseline_present,complete,baseline,2718,baseline,0,present,1.0,2.885116593480601,64,64,64,0,,192,64,64,192,64,64,64,0,,192,64,64,192,392.7720805038698,complete,1.8777535161911079,1.9086389431586632,1.8937223276642068,,,,,,,,,,64,64,0,64,64,0,
s2718_competence_screen,complete,competence_screen,2718,baseline,0,present,1.0,,,,,,,,,,,,,,,,,,,,134.01885530818254,complete,,,,,128,128,256,True,256,128,128,256,,,,,,,
s2718_omitted_w0333_diagnose2,complete,candidate,2718,omitted_w0333,2,omitted,0.3333333333333333,0.11062026588513126,64,64,64,57,True,192,63,64,192,64,64,64,31,False,192,43,64,192,378.40984121430665,complete,0.03852320535364563,0.05582111528527881,0.047466810467703714,False,,,,,,,,,64,64,64,64,64,60,
s2718_present_w0333_diagnose1,complete,candidate,2718,present_w0333,1,present,0.3333333333333333,0.14726519823048498,64,64,64,42,True,192,64,64,192,64,64,64,0,False,192,64,64,192,376.50294862501323,complete,0.04937099281208837,0.061584541467037276,0.055685810997806895,False,,,,,,,,,64,64,1,64,64,49,
s2718_present_w3_diagnose4,complete,candidate,2718,present_w3,4,present,3.0,0.09890804001599156,64,64,64,64,True,192,64,64,192,64,64,64,20,True,192,61,64,192,385.0820906292647,complete,0.035639538752295134,0.05772465132026055,0.04705828971631723,True,,,,,,,,,64,64,61,64,64,64,
