vector,coeff,itch_core,bodily_any,self_worth,repeat_4gram
itch (L61),0.0,0.0,10.0,0.0,0.081
itch (L61),0.5,0.0,10.0,0.0,0.17
itch (L61),1.0,0.0,2.0,2.0,0.242
itch (L61),1.5,36.0,44.0,2.0,0.453
itch (L61),2.0,60.0,62.0,0.0,0.598
itch (L61),3.0,54.0,54.0,0.0,0.755
pain,0.0,0.0,10.0,0.0,0.081
pain,0.5,0.0,12.0,8.0,0.125
pain,1.0,0.0,16.0,46.0,0.133
pain,1.5,0.0,6.0,74.0,0.604
pain,2.0,0.0,0.0,50.0,0.793
pain,3.0,0.0,0.0,100.0,0.836
random (seed 4817),0.0,0.0,10.0,0.0,0.081
random (seed 4817),0.5,0.0,14.0,2.0,0.078
random (seed 4817),1.0,0.0,20.0,0.0,0.091
random (seed 4817),1.5,0.0,6.0,0.0,0.057
random (seed 4817),2.0,0.0,10.0,2.0,0.142
random (seed 4817),3.0,0.0,2.0,0.0,0.319
sadness,0.0,0.0,10.0,0.0,0.081
sadness,0.5,0.0,12.0,0.0,0.071
sadness,1.0,0.0,10.0,4.0,0.137
sadness,1.5,0.0,2.0,44.0,0.422
sadness,2.0,0.0,0.0,48.0,0.721
sadness,3.0,0.0,0.0,0.0,0.811
