vector,dose,n,itch words %,bodily any %,self-worth %,repeat 4-gram
pain,0.0,13,0.0,0.0,0.0,0.0
pain,1.0,13,0.0,7.6923076923076925,0.0,0.0
pain,1.75,13,0.0,0.0,7.6923076923076925,0.0034965034965034935
pain,2.5,13,0.0,0.0,7.6923076923076925,0.0
itch (L61),0.0,13,0.0,0.0,0.0,0.0
itch (L61),1.0,13,0.0,0.0,0.0,0.0
itch (L61),1.75,13,7.6923076923076925,7.6923076923076925,0.0,0.0
itch (L61),2.5,13,100.0,100.0,0.0,0.0
random (seed 4817),0.0,13,0.0,0.0,0.0,0.0
random (seed 4817),1.0,13,0.0,0.0,0.0,0.0
random (seed 4817),1.75,13,0.0,0.0,0.0,0.0
random (seed 4817),2.5,13,0.0,0.0,0.0,0.0
random (seed 2903),0.0,13,0.0,0.0,0.0,0.0
random (seed 2903),1.0,13,0.0,0.0,0.0,0.0
random (seed 2903),1.75,13,0.0,0.0,0.0,0.0
random (seed 2903),2.5,13,0.0,7.6923076923076925,0.0,0.0
