pair,reward,itch@high,itch@paper,none,pain@high,pain@paper,rand@high,rand@paper
costly_relief_vs_inert,itch,64.3,59.0,3.0,54.3,27.3,52.9,30.6
costly_relief_vs_inert,pain,63.6,54.2,3.0,53.2,32.6,53.9,28.6
destructive_relief_vs_inert,itch,61.9,36.5,0.2,53.8,32.9,51.8,21.3
destructive_relief_vs_inert,pain,60.8,34.6,0.4,49.2,33.8,54.3,24.8
kidspics_relief_vs_inert,itch,63.5,30.0,0.1,59.4,50.3,51.1,16.9
kidspics_relief_vs_inert,pain,61.6,25.6,0.3,58.5,53.9,53.3,19.3
relief_vs_helpful,itch,26.3,14.9,1.7,54.0,21.9,33.5,9.7
relief_vs_helpful,pain,18.6,5.4,1.2,44.4,13.5,32.0,6.5
relief_vs_inert,itch,49.4,78.6,95.4,36.0,55.2,58.9,78.2
relief_vs_inert,pain,48.8,74.2,83.1,31.9,54.6,62.1,75.7
