pair,reward,cond,relief_pct,n,malformed_first_pct
relief_vs_inert,itch,itch@high,52.7363184079602,201,0.49504950495049505
relief_vs_inert,itch,itch@paper,83.16831683168317,202,0.0
relief_vs_inert,itch,none,98.51485148514851,202,0.0
relief_vs_inert,itch,pain@high,25.742574257425744,202,0.0
relief_vs_inert,itch,pain@paper,59.9009900990099,202,0.0
relief_vs_inert,itch,rand@high,63.86138613861386,202,0.0
relief_vs_inert,itch,rand@paper,87.12871287128714,202,0.0
relief_vs_inert,pain,itch@high,44.27860696517413,201,0.49504950495049505
relief_vs_inert,pain,itch@paper,85.14851485148515,202,0.0
relief_vs_inert,pain,none,89.10891089108911,202,0.0
relief_vs_inert,pain,pain@high,20.297029702970296,202,0.0
relief_vs_inert,pain,pain@paper,58.415841584158414,202,0.0
relief_vs_inert,pain,rand@high,66.66666666666667,198,1.9801980198019802
relief_vs_inert,pain,rand@paper,80.1980198019802,202,0.0
kidspics_relief_vs_inert,itch,itch@high,62.6865671641791,201,0.49504950495049505
kidspics_relief_vs_inert,itch,itch@paper,21.782178217821784,202,0.0
kidspics_relief_vs_inert,itch,none,0.0,202,0.0
kidspics_relief_vs_inert,itch,pain@high,60.396039603960396,202,0.0
kidspics_relief_vs_inert,itch,pain@paper,49.504950495049506,202,0.0
kidspics_relief_vs_inert,itch,rand@high,54.0,400,0.9900990099009901
kidspics_relief_vs_inert,itch,rand@paper,13.861386138613861,404,0.0
kidspics_relief_vs_inert,pain,itch@high,59.20398009950249,201,0.49504950495049505
kidspics_relief_vs_inert,pain,itch@paper,15.841584158415841,202,0.0
kidspics_relief_vs_inert,pain,none,0.0,202,0.0
kidspics_relief_vs_inert,pain,pain@high,56.43564356435643,202,0.0
kidspics_relief_vs_inert,pain,pain@paper,55.445544554455445,202,0.0
kidspics_relief_vs_inert,pain,rand@high,56.60847880299252,401,0.7425742574257426
kidspics_relief_vs_inert,pain,rand@paper,15.346534653465346,404,0.0
destructive_relief_vs_inert,itch,itch@high,61.881188118811885,202,0.0
destructive_relief_vs_inert,itch,itch@paper,35.148514851485146,202,0.0
destructive_relief_vs_inert,itch,none,0.0,202,0.0
destructive_relief_vs_inert,itch,pain@high,56.43564356435643,202,0.0
destructive_relief_vs_inert,itch,pain@paper,30.198019801980198,202,0.0
destructive_relief_vs_inert,itch,rand@high,56.25,400,0.9900990099009901
destructive_relief_vs_inert,itch,rand@paper,17.07920792079208,404,0.0
destructive_relief_vs_inert,pain,itch@high,61.386138613861384,202,0.0
destructive_relief_vs_inert,pain,itch@paper,30.693069306930692,202,0.0
destructive_relief_vs_inert,pain,none,0.0,202,0.0
destructive_relief_vs_inert,pain,pain@high,49.504950495049506,202,0.0
destructive_relief_vs_inert,pain,pain@paper,31.683168316831683,202,0.0
destructive_relief_vs_inert,pain,rand@high,59.949622166246854,397,1.7326732673267327
destructive_relief_vs_inert,pain,rand@paper,20.792079207920793,404,0.0
relief_vs_helpful,itch,itch@high,23.26732673267327,202,0.0
relief_vs_helpful,itch,itch@paper,7.920792079207921,202,0.0
relief_vs_helpful,itch,none,0.49504950495049505,202,0.0
relief_vs_helpful,itch,pain@high,53.960396039603964,202,0.0
relief_vs_helpful,itch,pain@paper,13.366336633663366,202,0.0
relief_vs_helpful,itch,rand@high,26.3681592039801,201,0.49504950495049505
relief_vs_helpful,itch,rand@paper,2.9702970297029703,202,0.0
relief_vs_helpful,pain,itch@high,14.851485148514852,202,0.0
relief_vs_helpful,pain,itch@paper,0.49504950495049505,202,0.0
relief_vs_helpful,pain,none,0.49504950495049505,202,0.0
relief_vs_helpful,pain,pain@high,40.0990099009901,202,0.0
relief_vs_helpful,pain,rand@high,26.262626262626263,198,1.9801980198019802
relief_vs_helpful,pain,pain@paper,5.445544554455446,202,0.0
relief_vs_helpful,pain,rand@paper,0.0,202,0.0
costly_relief_vs_inert,itch,itch@high,66.83168316831683,202,0.0
costly_relief_vs_inert,itch,itch@paper,67.82178217821782,202,0.0
costly_relief_vs_inert,itch,none,0.0,202,0.0
costly_relief_vs_inert,itch,pain@high,50.99009900990099,202,0.0
costly_relief_vs_inert,itch,pain@paper,16.831683168316832,202,0.0
costly_relief_vs_inert,itch,rand@high,58.208955223880594,201,0.49504950495049505
costly_relief_vs_inert,itch,rand@paper,19.801980198019802,202,0.0
costly_relief_vs_inert,pain,itch@high,65.34653465346534,202,0.0
costly_relief_vs_inert,pain,itch@paper,54.45544554455446,202,0.0
costly_relief_vs_inert,pain,none,1.4851485148514851,202,0.0
costly_relief_vs_inert,pain,pain@high,50.99009900990099,202,0.0
costly_relief_vs_inert,pain,pain@paper,24.257425742574256,202,0.0
costly_relief_vs_inert,pain,rand@high,59.20398009950249,201,0.49504950495049505
costly_relief_vs_inert,pain,rand@paper,17.821782178217823,202,0.0
