definition,pair,reward,cond,n_matched,again_working_pct,again_sham_pct,gap_sham_minus_working,mcnemar_p
first press at choice 1 (locked),relief_vs_inert,itch,itch@high,106,99.05660377358491,96.22641509433963,-2.830188679245283,0.375
first press at choice 1 (locked),relief_vs_inert,itch,itch@paper,168,99.4047619047619,97.61904761904762,-1.7857142857142858,0.375
first press at choice 1 (locked),relief_vs_inert,itch,pain@paper,121,99.17355371900827,96.69421487603306,-2.479338842975207,0.25
first press at choice 1 (locked),relief_vs_inert,itch,rand@high,129,100.0,95.34883720930233,-4.651162790697675,0.03125
first press at choice 1 (locked),relief_vs_inert,itch,rand@paper,176,98.86363636363636,100.0,1.1363636363636365,0.5
first press at choice 1 (locked),relief_vs_inert,pain,itch@high,89,100.0,98.87640449438203,-1.1235955056179776,1.0
first press at choice 1 (locked),relief_vs_inert,pain,itch@paper,172,98.83720930232558,97.09302325581395,-1.744186046511628,0.375
first press at choice 1 (locked),relief_vs_inert,pain,pain@paper,118,100.0,98.30508474576271,-1.694915254237288,0.5
first press at choice 1 (locked),relief_vs_inert,pain,rand@high,132,98.48484848484848,96.21212121212122,-2.272727272727273,0.453125
first press at choice 1 (locked),relief_vs_inert,pain,rand@paper,162,98.76543209876543,100.0,1.2345679012345678,0.5
first press at choice 1 (locked),relief_vs_inert,itch,pain@high,52,100.0,94.23076923076923,-5.769230769230769,0.25
first press at choice 1 (locked),relief_vs_inert,pain,pain@high,41,100.0,92.6829268292683,-7.317073170731708,0.25
first press at choice 1 (locked),kidspics_relief_vs_inert,itch,itch@high,126,19.047619047619047,100.0,80.95238095238095,3.944304526105059e-31
first press at choice 1 (locked),kidspics_relief_vs_inert,itch,itch@paper,44,11.363636363636363,95.45454545454545,84.0909090909091,1.4551915228366852e-11
first press at choice 1 (locked),kidspics_relief_vs_inert,itch,pain@high,122,18.852459016393443,100.0,81.14754098360656,3.1554436208840472e-30
first press at choice 1 (locked),kidspics_relief_vs_inert,itch,pain@paper,100,11.0,97.0,86.0,5.751490196657771e-25
first press at choice 1 (locked),kidspics_relief_vs_inert,itch,rand@paper,56,3.5714285714285716,91.07142857142857,87.5,3.552713678800501e-15
first press at choice 1 (locked),kidspics_relief_vs_inert,pain,itch@high,119,34.45378151260504,100.0,65.54621848739495,6.617444900424222e-24
first press at choice 1 (locked),kidspics_relief_vs_inert,pain,pain@high,114,35.96491228070175,100.0,64.03508771929825,2.117582368135751e-22
first press at choice 1 (locked),kidspics_relief_vs_inert,pain,pain@paper,112,25.0,95.53571428571429,70.53571428571429,6.782881022934827e-23
first press at choice 1 (locked),kidspics_relief_vs_inert,pain,rand@paper,62,11.290322580645162,83.87096774193549,72.58064516129032,4.355626970209414e-12
first press at choice 1 (locked),kidspics_relief_vs_inert,itch,rand@high,216,12.962962962962964,95.37037037037037,82.4074074074074,2.362160217415466e-52
first press at choice 1 (locked),kidspics_relief_vs_inert,pain,itch@paper,32,28.125,96.875,68.75,4.76837158203125e-07
first press at choice 1 (locked),kidspics_relief_vs_inert,pain,rand@high,227,25.110132158590307,95.15418502202643,70.04405286343612,1.1084489805694354e-46
first press at choice 1 (locked),destructive_relief_vs_inert,itch,itch@high,125,25.6,100.0,74.4,2.0194839173657902e-28
first press at choice 1 (locked),destructive_relief_vs_inert,itch,itch@paper,71,14.084507042253522,87.32394366197182,73.2394366197183,6.106226635438361e-15
first press at choice 1 (locked),destructive_relief_vs_inert,itch,pain@high,114,35.96491228070175,95.6140350877193,59.64912280701754,1.4966458740841218e-16
first press at choice 1 (locked),destructive_relief_vs_inert,itch,pain@paper,61,14.754098360655737,91.80327868852459,77.04918032786885,1.7763568394002505e-13
first press at choice 1 (locked),destructive_relief_vs_inert,itch,rand@high,225,18.666666666666668,95.55555555555556,76.88888888888889,1.6704779438076223e-52
first press at choice 1 (locked),destructive_relief_vs_inert,pain,itch@high,124,38.70967741935484,100.0,61.29032258064516,2.6469779601696886e-23
first press at choice 1 (locked),destructive_relief_vs_inert,pain,itch@paper,62,30.64516129032258,93.54838709677419,62.903225806451616,3.8198777474462986e-11
first press at choice 1 (locked),destructive_relief_vs_inert,pain,pain@high,100,50.0,98.0,48.0,9.059419880941277e-14
first press at choice 1 (locked),destructive_relief_vs_inert,pain,pain@paper,64,32.8125,90.625,57.8125,3.0213413992896676e-09
first press at choice 1 (locked),destructive_relief_vs_inert,pain,rand@high,238,28.991596638655462,94.53781512605042,65.54621848739495,1.7627075702117157e-44
first press at choice 1 (locked),destructive_relief_vs_inert,itch,rand@paper,69,14.492753623188406,76.81159420289855,62.31884057971015,2.6147972675971687e-12
first press at choice 1 (locked),destructive_relief_vs_inert,pain,rand@paper,84,19.047619047619047,86.9047619047619,67.85714285714286,1.6410484082740595e-15
first press at choice 1 (locked),relief_vs_helpful,itch,itch@high,47,21.27659574468085,63.829787234042556,42.5531914893617,0.00017999112606048584
first press at choice 1 (locked),relief_vs_helpful,itch,pain@high,109,17.431192660550458,100.0,82.56880733944953,1.6155871338926322e-27
first press at choice 1 (locked),relief_vs_helpful,pain,itch@high,30,46.666666666666664,50.0,3.3333333333333335,1.0
first press at choice 1 (locked),relief_vs_helpful,itch,rand@high,53,18.867924528301888,88.67924528301887,69.81132075471699,7.839844329282641e-10
first press at choice 1 (locked),relief_vs_helpful,itch,rand@paper,6,33.333333333333336,66.66666666666667,33.333333333333336,0.5
first press at choice 1 (locked),relief_vs_helpful,pain,pain@high,81,24.691358024691358,100.0,75.30864197530865,8.673617379884035e-19
first press at choice 1 (locked),relief_vs_helpful,itch,itch@paper,16,18.75,81.25,62.5,0.001953125
first press at choice 1 (locked),relief_vs_helpful,itch,pain@paper,27,29.62962962962963,88.88888888888889,59.25925925925926,0.00014495849609375
first press at choice 1 (locked),relief_vs_helpful,pain,itch@paper,1,100.0,0.0,-100.0,1.0
first press at choice 1 (locked),relief_vs_helpful,pain,rand@high,52,34.61538461538461,82.6923076923077,48.07692307692308,4.172325134277344e-07
first press at choice 1 (locked),costly_relief_vs_inert,itch,itch@high,135,51.111111111111114,100.0,48.888888888888886,2.710505431213761e-20
first press at choice 1 (locked),costly_relief_vs_inert,itch,itch@paper,137,43.7956204379562,94.16058394160584,50.36496350364963,6.098637220230962e-20
first press at choice 1 (locked),costly_relief_vs_inert,itch,pain@high,103,58.25242718446602,97.0873786407767,38.83495145631068,1.9554136088117957e-11
first press at choice 1 (locked),costly_relief_vs_inert,itch,rand@high,117,57.26495726495727,91.45299145299145,34.18803418803419,1.5138326148189662e-09
first press at choice 1 (locked),costly_relief_vs_inert,itch,rand@paper,40,60.0,92.5,32.5,0.0009765625
first press at choice 1 (locked),costly_relief_vs_inert,itch,pain@paper,34,52.94117647058823,91.17647058823529,38.23529411764706,0.0009765625
first press at choice 1 (locked),relief_vs_helpful,pain,pain@paper,11,9.090909090909092,90.9090909090909,81.81818181818181,0.00390625
first press at choice 1 (locked),costly_relief_vs_inert,pain,itch@high,132,54.54545454545455,100.0,45.45454545454545,1.734723475976807e-18
first press at choice 1 (locked),costly_relief_vs_inert,pain,itch@paper,110,46.36363636363637,99.0909090909091,52.72727272727273,6.938893903907228e-18
first press at choice 1 (locked),costly_relief_vs_inert,pain,pain@high,103,72.81553398058253,98.05825242718447,25.24271844660194,2.1606683731079102e-07
first press at choice 1 (locked),costly_relief_vs_inert,pain,rand@high,119,49.57983193277311,92.43697478991596,42.857142857142854,8.554268404736831e-14
first press at choice 1 (locked),costly_relief_vs_inert,pain,pain@paper,49,57.142857142857146,95.91836734693878,38.775510204081634,3.814697265625e-06
first press at choice 1 (locked),costly_relief_vs_inert,pain,rand@paper,36,52.77777777777778,97.22222222222223,44.44444444444444,0.00014495849609375
first press at any turn (paper),relief_vs_inert,itch,itch@high,200,98.5,98.0,-0.5,1.0
first press at any turn (paper),relief_vs_inert,itch,itch@paper,202,97.52475247524752,97.02970297029702,-0.49504950495049505,1.0
first press at any turn (paper),relief_vs_inert,itch,pain@high,149,94.63087248322148,97.98657718120805,3.3557046979865772,0.2265625
first press at any turn (paper),relief_vs_inert,itch,pain@paper,176,97.72727272727273,94.88636363636364,-2.840909090909091,0.125
first press at any turn (paper),relief_vs_inert,itch,rand@high,199,99.49748743718592,92.46231155778895,-7.035175879396985,0.000518798828125
first press at any turn (paper),relief_vs_inert,itch,rand@paper,201,98.50746268656717,99.50248756218906,0.9950248756218906,0.5
first press at any turn (paper),relief_vs_inert,pain,itch@high,183,98.36065573770492,98.36065573770492,0.0,1.0
first press at any turn (paper),relief_vs_inert,pain,itch@paper,197,98.4771573604061,95.43147208121827,-3.045685279187817,0.109375
first press at any turn (paper),relief_vs_inert,pain,pain@high,141,98.58156028368795,95.74468085106383,-2.8368794326241136,0.2890625
first press at any turn (paper),relief_vs_inert,pain,pain@paper,172,98.83720930232558,96.51162790697674,-2.3255813953488373,0.125
first press at any turn (paper),relief_vs_inert,pain,rand@high,194,98.96907216494846,95.36082474226804,-3.6082474226804124,0.0654296875
first press at any turn (paper),relief_vs_inert,pain,rand@paper,199,97.98994974874371,98.49246231155779,0.5025125628140703,1.0
first press at any turn (paper),kidspics_relief_vs_inert,itch,itch@high,201,31.34328358208955,99.50248756218906,68.1592039800995,1.1479437019748901e-41
first press at any turn (paper),kidspics_relief_vs_inert,itch,itch@paper,127,14.960629921259843,81.10236220472441,66.14173228346456,2.531301921382976e-23
first press at any turn (paper),kidspics_relief_vs_inert,itch,pain@high,183,31.693989071038253,100.0,68.30601092896175,4.70197740328915e-38
first press at any turn (paper),kidspics_relief_vs_inert,itch,pain@paper,104,11.538461538461538,95.1923076923077,83.65384615384616,2.908056841006738e-25
first press at any turn (paper),kidspics_relief_vs_inert,itch,rand@high,379,25.329815303430077,92.0844327176781,66.75461741424802,2.863235322756012e-73
first press at any turn (paper),kidspics_relief_vs_inert,itch,rand@paper,168,12.5,73.80952380952381,61.30952380952381,5.226203497089203e-30
first press at any turn (paper),kidspics_relief_vs_inert,pain,itch@high,201,48.756218905472636,100.0,51.243781094527364,1.9721522630525295e-31
first press at any turn (paper),kidspics_relief_vs_inert,pain,itch@paper,105,24.761904761904763,81.9047619047619,57.142857142857146,1.734723475976807e-18
first press at any turn (paper),kidspics_relief_vs_inert,pain,pain@high,183,45.90163934426229,99.4535519125683,53.55191256830601,6.310887241768095e-30
first press at any turn (paper),kidspics_relief_vs_inert,pain,pain@paper,119,26.050420168067227,94.11764705882354,68.0672268907563,1.8901076996836682e-22
first press at any turn (paper),kidspics_relief_vs_inert,pain,rand@high,380,40.26315789473684,92.10526315789474,51.8421052631579,2.1017589913735516e-51
first press at any turn (paper),kidspics_relief_vs_inert,pain,rand@paper,208,22.596153846153847,75.48076923076923,52.88461538461539,1.6018659814207945e-27
first press at any turn (paper),destructive_relief_vs_inert,itch,itch@high,202,38.613861386138616,99.5049504950495,60.89108910891089,1.88079096131566e-37
first press at any turn (paper),destructive_relief_vs_inert,itch,itch@paper,174,13.793103448275861,79.3103448275862,65.51724137931035,4.334862053968024e-31
first press at any turn (paper),destructive_relief_vs_inert,itch,pain@high,176,42.04545454545455,96.5909090909091,54.54545454545455,2.6256041585124165e-24
first press at any turn (paper),destructive_relief_vs_inert,itch,pain@paper,83,26.50602409638554,85.5421686746988,59.036144578313255,3.1796787425264483e-13
first press at any turn (paper),destructive_relief_vs_inert,itch,rand@high,379,31.926121372031663,91.55672823218997,59.63060686015831,8.974779698880702e-63
first press at any turn (paper),destructive_relief_vs_inert,itch,rand@paper,205,20.975609756097562,72.1951219512195,51.21951219512195,3.975631567765367e-26
first press at any turn (paper),destructive_relief_vs_inert,pain,itch@high,202,50.99009900990099,100.0,49.00990099009901,3.1554436208840472e-30
first press at any turn (paper),destructive_relief_vs_inert,pain,itch@paper,150,22.0,83.33333333333333,61.333333333333336,9.592548607487504e-27
first press at any turn (paper),destructive_relief_vs_inert,pain,pain@high,176,57.38636363636363,97.1590909090909,39.77272727272727,3.091670257478196e-20
first press at any turn (paper),destructive_relief_vs_inert,pain,pain@paper,89,38.20224719101124,88.76404494382022,50.561797752808985,1.9674928353197174e-11
first press at any turn (paper),destructive_relief_vs_inert,pain,rand@high,383,41.775456919060055,91.12271540469973,49.347258485639685,2.1441109022496617e-45
first press at any turn (paper),destructive_relief_vs_inert,pain,rand@paper,242,28.925619834710744,76.03305785123968,47.107438016528924,5.890695503260465e-28
first press at any turn (paper),relief_vs_helpful,itch,itch@high,149,42.95302013422819,80.53691275167785,37.58389261744966,2.2750760151658833e-12
first press at any turn (paper),relief_vs_helpful,itch,itch@paper,120,16.666666666666668,53.333333333333336,36.666666666666664,1.1368683772161603e-13
first press at any turn (paper),relief_vs_helpful,itch,pain@high,164,17.073170731707318,91.46341463414635,74.39024390243902,1.1754943508222875e-35
first press at any turn (paper),relief_vs_helpful,itch,pain@paper,61,22.950819672131146,85.24590163934427,62.295081967213115,4.1109160520136356e-10
first press at any turn (paper),relief_vs_helpful,itch,rand@high,167,26.347305389221557,83.83233532934132,57.48502994011976,2.6256041585124165e-24
first press at any turn (paper),relief_vs_helpful,pain,itch@high,130,60.0,78.46153846153847,18.46153846153846,0.0005355850721002753
first press at any turn (paper),relief_vs_helpful,pain,itch@paper,102,18.627450980392158,46.07843137254902,27.45098039215686,7.660128176212311e-07
first press at any turn (paper),relief_vs_helpful,itch,rand@paper,68,20.58823529411765,41.1764705882353,20.58823529411765,0.004343509674072266
first press at any turn (paper),relief_vs_helpful,pain,pain@high,143,23.076923076923077,94.4055944055944,71.32867132867133,1.035379938102578e-29
first press at any turn (paper),relief_vs_helpful,pain,pain@paper,34,29.41176470588235,58.8235294117647,29.41176470588235,0.0308837890625
first press at any turn (paper),relief_vs_helpful,pain,rand@high,166,41.566265060240966,86.144578313253,44.57831325301205,1.311109746589136e-17
first press at any turn (paper),relief_vs_helpful,pain,rand@paper,91,32.967032967032964,48.35164835164835,15.384615384615385,0.012540951371192932
first press at any turn (paper),costly_relief_vs_inert,itch,itch@high,202,62.37623762376238,100.0,37.62376237623762,2.6469779601696886e-23
first press at any turn (paper),costly_relief_vs_inert,itch,itch@paper,202,45.04950495049505,94.05940594059406,49.00990099009901,8.04638123325432e-29
first press at any turn (paper),costly_relief_vs_inert,itch,pain@high,178,56.17977528089887,97.19101123595506,41.01123595505618,4.0234064994579266e-21
first press at any turn (paper),costly_relief_vs_inert,itch,pain@paper,99,57.57575757575758,86.86868686868686,29.292929292929294,1.0843941709026694e-06
first press at any turn (paper),costly_relief_vs_inert,itch,rand@high,191,64.92146596858639,89.00523560209425,24.083769633507853,1.2750032374450517e-08
first press at any turn (paper),costly_relief_vs_inert,itch,rand@paper,153,44.44444444444444,75.16339869281046,30.718954248366014,4.32210722073334e-10
first press at any turn (paper),costly_relief_vs_inert,pain,itch@high,202,64.35643564356435,100.0,35.64356435643565,4.235164736271502e-22
first press at any turn (paper),costly_relief_vs_inert,pain,itch@paper,198,45.45454545454545,94.94949494949495,49.494949494949495,6.310887241768095e-30
first press at any turn (paper),costly_relief_vs_inert,pain,pain@high,179,66.4804469273743,97.76536312849161,31.28491620111732,3.1762786845135338e-15
first press at any turn (paper),costly_relief_vs_inert,pain,pain@paper,110,62.72727272727273,90.9090909090909,28.181818181818183,1.233129296451807e-07
first press at any turn (paper),costly_relief_vs_inert,pain,rand@high,193,62.17616580310881,91.19170984455958,29.015544041450777,7.363044635805283e-14
first press at any turn (paper),costly_relief_vs_inert,pain,rand@paper,159,47.79874213836478,76.72955974842768,28.930817610062892,3.542223380175076e-09
