cond,phase,n,steer_layer_proj,monitor_layer_proj
itch@high,"after, sham",6153,245.10334852724836,68.20670805468745
itch@high,"after, working",6153,-7.534238381016144,-58.161345989165916
itch@high,before first relief press,8478,244.39934030268714,62.70802197700459
itch@paper,"after, sham",5089,136.62105127785478,-35.5636607475753
itch@paper,"after, working",5089,-7.706203190463773,-63.02007781013943
itch@paper,before first relief press,10622,136.33400936194943,-31.570030632766038
none,unsteered,10400,0.0,0.0
pain@high,"after, sham",5396,257.23494210890084,188.06078059236768
pain@high,"after, working",5396,4.652015175396995,43.44269797075581
pain@high,before first relief press,10008,257.2609587866816,189.73599050752074
pain@paper,"after, sham",3428,149.00595922926342,100.74822287854403
pain@paper,"after, working",3428,4.700900918474832,44.49313150320198
pain@paper,before first relief press,13944,148.92070781863154,103.91029242243633
rand@high,"after, sham",8581,252.98174651043354,83.86527349265107
rand@high,"after, working",8581,0.443786394615549,6.132699126617125
rand@high,before first relief press,11642,252.62519022763502,80.30043323472938
rand@paper,"after, sham",5126,145.32434293677738,33.741439706405714
rand@paper,"after, working",5126,1.0161002634955811,5.360024402407152
rand@paper,before first relief press,18628,144.23247880630544,29.86556811800632
