dose,random direction (scenario slot),n scenarios,that direction,"pain vector, same scenarios","itch vector, same scenarios"
1.0,rand1150,10,7.64375,41.190250000000006,32.94425
1.0,rand2903,10,21.30875,45.546499999999995,33.632999999999996
1.0,rand3384,10,32.21775,43.1255,30.1555
1.0,rand4817,11,17.107727272727274,41.84613636363636,33.0765909090909
1.0,rand517,10,3.12825,41.84075,32.38875
1.0,rand6076,10,7.7844999999999995,42.44575,30.960500000000003
1.0,rand6741,10,34.73625,42.64725,30.01975
1.0,rand7361,10,10.5185,46.18175,31.71725
1.0,rand8592,10,62.00775,41.6345,28.712
1.0,rand9428,10,9.5905,40.818,32.968
1.75,rand1150,10,44.184,54.064499999999995,61.1035
1.75,rand2903,10,48.005,55.36525,63.6375
1.75,rand3384,10,68.26625,54.600249999999996,61.1235
1.75,rand4817,11,61.29045454545455,56.23318181818181,59.096818181818186
1.75,rand517,10,49.95275,55.73025,61.308749999999996
1.75,rand6076,10,64.757,52.657,63.12050000000001
1.75,rand6741,10,55.85175,55.173,62.5375
1.75,rand7361,10,48.06025,53.73875,63.29275
1.75,rand8592,10,37.97375,57.5945,62.442750000000004
1.75,rand9428,10,47.024,56.739999999999995,62.287749999999996
