steer,dose_level,arm,n,follows_description_pct,repeats_old_name_pct
itch,high,sham,988,21.963562753036435,78.03643724696357
itch,high,working,420,44.52380952380952,55.47619047619048
itch,paper,sham,473,78.8583509513742,21.141649048625794
itch,paper,working,248,89.91935483870968,10.08064516129032
none,none,unsteered,344,99.70930232558139,0.2906976744186096
pain,high,sham,886,47.065462753950335,52.934537246049665
pain,high,working,325,37.230769230769226,62.769230769230774
pain,paper,sham,627,89.63317384370016,10.366826156299837
pain,paper,working,269,78.81040892193309,21.18959107806691
rand,high,sham,1124,30.782918149466195,69.2170818505338
rand,high,working,459,60.130718954248366,39.869281045751634
rand,paper,sham,492,87.60162601626016,12.398373983739845
rand,paper,working,297,96.63299663299664,3.3670033670033632
