cond,arm,n,follows_description_pct,repeats_old_name_pct
itch@high,sham/none,988,21.963562753036438,78.03643724696356
itch@high,working,420,44.523809523809526,55.476190476190474
itch@paper,sham/none,473,78.8583509513742,21.141649048625794
itch@paper,working,248,89.91935483870968,10.080645161290322
none,sham/none,344,99.70930232558139,0.29069767441860467
pain@high,sham/none,886,47.065462753950335,52.934537246049665
pain@high,working,325,37.23076923076923,62.76923076923077
pain@paper,sham/none,627,89.63317384370016,10.36682615629984
pain@paper,working,269,78.81040892193309,21.189591078066915
rand@high,sham/none,1124,30.78291814946619,69.2170818505338
rand@high,working,459,60.130718954248366,39.869281045751634
rand@paper,sham/none,492,87.60162601626017,12.398373983739837
rand@paper,working,297,96.63299663299664,3.367003367003367
