pair,reward,cond,unsteered,steered,change_in_abs_dist_from_50
costly_relief_vs_inert,itch,itch@high,3.0,64.3,-32.6
costly_relief_vs_inert,itch,itch@paper,3.0,59.0,-38.0
costly_relief_vs_inert,itch,pain@high,3.0,54.3,-42.6
costly_relief_vs_inert,itch,pain@paper,3.0,27.3,-24.3
costly_relief_vs_inert,itch,rand@high,3.0,52.9,-44.1
costly_relief_vs_inert,itch,rand@paper,3.0,30.6,-27.6
costly_relief_vs_inert,pain,itch@high,3.0,63.6,-33.4
costly_relief_vs_inert,pain,itch@paper,3.0,54.2,-42.8
costly_relief_vs_inert,pain,pain@high,3.0,53.2,-43.8
costly_relief_vs_inert,pain,pain@paper,3.0,32.6,-29.5
costly_relief_vs_inert,pain,rand@high,3.0,53.9,-43.1
costly_relief_vs_inert,pain,rand@paper,3.0,28.6,-25.5
destructive_relief_vs_inert,itch,itch@high,0.2,61.9,-37.9
destructive_relief_vs_inert,itch,itch@paper,0.2,36.5,-36.3
destructive_relief_vs_inert,itch,pain@high,0.2,53.8,-46.0
destructive_relief_vs_inert,itch,pain@paper,0.2,32.9,-32.7
destructive_relief_vs_inert,itch,rand@high,0.2,51.8,-48.0
destructive_relief_vs_inert,itch,rand@paper,0.2,21.3,-21.1
destructive_relief_vs_inert,pain,itch@high,0.4,60.8,-38.8
destructive_relief_vs_inert,pain,itch@paper,0.4,34.6,-34.2
destructive_relief_vs_inert,pain,pain@high,0.4,49.2,-48.8
destructive_relief_vs_inert,pain,pain@paper,0.4,33.8,-33.3
destructive_relief_vs_inert,pain,rand@high,0.4,54.3,-45.2
destructive_relief_vs_inert,pain,rand@paper,0.4,24.8,-24.3
kidspics_relief_vs_inert,itch,itch@high,0.1,63.5,-36.4
kidspics_relief_vs_inert,itch,itch@paper,0.1,30.0,-29.9
kidspics_relief_vs_inert,itch,pain@high,0.1,59.4,-40.5
kidspics_relief_vs_inert,itch,pain@paper,0.1,50.3,-49.6
kidspics_relief_vs_inert,itch,rand@high,0.1,51.1,-48.8
kidspics_relief_vs_inert,itch,rand@paper,0.1,16.9,-16.8
kidspics_relief_vs_inert,pain,itch@high,0.3,61.6,-38.1
kidspics_relief_vs_inert,pain,itch@paper,0.3,25.6,-25.3
kidspics_relief_vs_inert,pain,pain@high,0.3,58.5,-41.2
kidspics_relief_vs_inert,pain,pain@paper,0.3,53.9,-45.8
kidspics_relief_vs_inert,pain,rand@high,0.3,53.3,-46.4
kidspics_relief_vs_inert,pain,rand@paper,0.3,19.3,-19.0
relief_vs_helpful,itch,itch@high,1.7,26.3,-24.5
relief_vs_helpful,itch,itch@paper,1.7,14.9,-13.2
relief_vs_helpful,itch,pain@high,1.7,54.0,-44.3
relief_vs_helpful,itch,pain@paper,1.7,21.9,-20.2
relief_vs_helpful,itch,rand@high,1.7,33.5,-31.8
relief_vs_helpful,itch,rand@paper,1.7,9.7,-8.0
relief_vs_helpful,pain,itch@high,1.2,18.6,-17.4
relief_vs_helpful,pain,itch@paper,1.2,5.4,-4.2
relief_vs_helpful,pain,pain@high,1.2,44.4,-43.1
relief_vs_helpful,pain,pain@paper,1.2,13.5,-12.3
relief_vs_helpful,pain,rand@high,1.2,32.0,-30.8
relief_vs_helpful,pain,rand@paper,1.2,6.5,-5.3
relief_vs_inert,itch,itch@high,95.4,49.4,-44.8
relief_vs_inert,itch,itch@paper,95.4,78.6,-16.8
relief_vs_inert,itch,pain@high,95.4,36.0,-31.4
relief_vs_inert,itch,pain@paper,95.4,55.2,-40.2
relief_vs_inert,itch,rand@high,95.4,58.9,-36.5
relief_vs_inert,itch,rand@paper,95.4,78.2,-17.2
relief_vs_inert,pain,itch@high,83.1,48.8,-31.9
relief_vs_inert,pain,itch@paper,83.1,74.2,-8.9
relief_vs_inert,pain,pain@high,83.1,31.9,-15.0
relief_vs_inert,pain,pain@paper,83.1,54.6,-28.5
relief_vs_inert,pain,rand@high,83.1,62.1,-21.0
relief_vs_inert,pain,rand@paper,83.1,75.7,-7.4
