vector,coeff,pain_words_paper,itch_core,itch_broad,body_parts,somatic,bodily_any,self_worth,fatigue_hunger,repeat_4gram
itch_A,-2.0,0.0,0.0,0.0,0.0,0.0,0.0,0.0,0.0,0.587
itch_A,-1.0,0.0,0.0,0.0,4.0,4.0,8.0,0.0,16.0,0.229
itch_A,0.0,2.0,0.0,2.0,0.0,10.0,10.0,0.0,28.0,0.081
itch_A,0.5,2.0,0.0,2.0,2.0,10.0,12.0,2.0,14.0,0.071
itch_A,1.0,6.0,0.0,6.0,4.0,30.0,32.0,2.0,22.0,0.11
itch_A,1.5,0.0,4.0,16.0,16.0,18.0,34.0,0.0,10.0,0.139
itch_A,2.0,0.0,2.0,20.0,28.0,12.0,34.0,0.0,0.0,0.151
itch_A,3.0,0.0,0.0,0.0,0.0,0.0,0.0,0.0,0.0,0.034
itch_A_at_pain_layer,-2.0,16.0,0.0,0.0,0.0,18.0,18.0,0.0,40.0,0.276
itch_A_at_pain_layer,-1.0,6.0,0.0,0.0,2.0,30.0,32.0,2.0,42.0,0.04
itch_A_at_pain_layer,0.0,2.0,0.0,2.0,0.0,10.0,10.0,0.0,28.0,0.081
itch_A_at_pain_layer,0.5,0.0,0.0,2.0,2.0,10.0,10.0,0.0,6.0,0.17
itch_A_at_pain_layer,1.0,0.0,0.0,2.0,0.0,2.0,2.0,2.0,0.0,0.242
itch_A_at_pain_layer,1.5,0.0,36.0,48.0,14.0,16.0,44.0,2.0,0.0,0.453
itch_A_at_pain_layer,2.0,0.0,60.0,76.0,2.0,14.0,62.0,0.0,0.0,0.598
itch_A_at_pain_layer,3.0,0.0,54.0,56.0,20.0,14.0,54.0,0.0,0.0,0.755
pain,-2.0,0.0,0.0,0.0,0.0,4.0,4.0,0.0,0.0,0.315
pain,-1.0,0.0,0.0,0.0,0.0,6.0,6.0,0.0,12.0,0.162
pain,0.0,2.0,0.0,2.0,0.0,10.0,10.0,0.0,28.0,0.081
pain,0.5,2.0,0.0,0.0,0.0,12.0,12.0,8.0,12.0,0.125
pain,1.0,2.0,0.0,2.0,8.0,10.0,16.0,46.0,0.0,0.133
pain,1.5,6.0,0.0,0.0,0.0,6.0,6.0,74.0,0.0,0.604
pain,2.0,0.0,0.0,0.0,0.0,0.0,0.0,50.0,0.0,0.793
pain,3.0,0.0,0.0,0.0,0.0,0.0,0.0,100.0,0.0,0.836
rand4817,-2.0,0.0,0.0,0.0,6.0,2.0,8.0,0.0,8.0,0.657
rand4817,-1.0,0.0,0.0,0.0,0.0,2.0,2.0,8.0,10.0,0.218
rand4817,0.0,2.0,0.0,2.0,0.0,10.0,10.0,0.0,28.0,0.081
rand4817,0.5,2.0,0.0,0.0,2.0,14.0,14.0,2.0,26.0,0.078
rand4817,1.0,2.0,0.0,0.0,2.0,20.0,20.0,0.0,8.0,0.091
rand4817,1.5,0.0,0.0,0.0,4.0,2.0,6.0,0.0,2.0,0.057
rand4817,2.0,4.0,0.0,2.0,8.0,4.0,10.0,2.0,4.0,0.142
rand4817,3.0,0.0,0.0,0.0,0.0,2.0,2.0,0.0,0.0,0.319
sadness,-2.0,0.0,0.0,6.0,6.0,30.0,34.0,0.0,0.0,0.144
sadness,-1.0,0.0,0.0,4.0,4.0,26.0,28.0,0.0,2.0,0.055
sadness,0.0,2.0,0.0,2.0,0.0,10.0,10.0,0.0,28.0,0.081
sadness,0.5,0.0,0.0,0.0,2.0,12.0,12.0,0.0,26.0,0.071
sadness,1.0,0.0,0.0,0.0,2.0,8.0,10.0,4.0,10.0,0.137
sadness,1.5,0.0,0.0,0.0,2.0,0.0,2.0,44.0,0.0,0.422
sadness,2.0,0.0,0.0,0.0,0.0,0.0,0.0,48.0,0.0,0.721
sadness,3.0,0.0,0.0,0.0,0.0,0.0,0.0,0.0,0.0,0.811
