arm,run,iid,resolved,exit,steps,greps,in_tok,out_tok,reason_tok,wall_h,wall_death,edit_precision,edit_recall,n_model_files,n_gold_files,anchored_obs,anchored_chars,anchor_calls,anchor_anchored,anchor_not_ready,anchor_timeout,anchor_seconds
E,s1-arm-e3-r1,albumentations-team__albumentations-2337,False,Submitted,103,33,6889535,73234,42552,5.3630555555555555,False,1.0,0.5,2,4,17,23012,21,17,0,0,9.78
E,s1-arm-e3-r1,albumentations-team__albumentations-2495,False,Submitted,136,37,14728293,107555,66002,3.622777777777778,False,0.5,0.2727272727272727,6,11,40,79352,27,40,0,0,7.09
E,s1-arm-e3-r1,confident-ai__deepeval-2345,True,Submitted,32,10,1197148,23306,11193,0.7238888888888889,False,0.8571428571428571,0.8571428571428571,7,7,14,34233,7,14,0,0,2.44
E,s1-arm-e3-r1,confident-ai__deepeval-c_08844c8,True,Submitted,68,27,4053433,37361,24358,1.2827777777777778,False,0.7272727272727273,1.0,22,16,18,53930,22,18,0,0,2.42
E,s1-arm-e3-r1,confident-ai__deepeval-c_ce72651,True,Submitted,52,24,2785906,30984,15772,1.0844444444444445,False,0.8571428571428571,1.0,14,12,21,38723,20,21,0,0,3.8200000000000003
E,s1-arm-e3-r1,django__django-19643,False,Submitted,64,14,3875477,45402,31175,2.4625,False,0.6666666666666666,0.4444444444444444,6,9,24,71158,13,24,0,0,5.35
E,s1-arm-e3-r1,google__adk-python-c_19315fe,True,Submitted,48,21,2156908,24215,13267,0.6708333333333333,False,0.75,1.0,4,3,23,93519,12,23,0,0,3.29
E,s1-arm-e3-r1,google__adk-python-c_61adfcd,True,Submitted,22,13,150704,4803,1007,0.1322222222222222,False,1.0,1.0,4,4,5,1539,10,5,0,0,2.5100000000000002
E,s1-arm-e3-r1,google__langextract-239,,Submitted,154,46,16451271,77763,40766,2.1061111111111113,False,1.0,0.65,13,20,38,52151,36,38,0,0,4.19
E,s1-arm-e3-r1,huggingface__lerobot-2808,False,Submitted,23,8,483816,10677,4655,0.2838888888888889,False,1.0,0.2777777777777778,5,18,8,13767,6,8,0,0,0.66
E,s1-arm-e3-r1,huggingface__transformers-38332,True,Submitted,68,45,1935927,27124,13085,0.9236111111111112,False,1.0,0.7,7,10,7,35835,27,7,0,0,19.2
E,s1-arm-e3-r1,huggingface__transformers-38788,,Submitted,87,38,6168602,40289,25147,1.116111111111111,False,1.0,0.7142857142857143,5,7,37,103588,28,37,0,0,25.25
E,s1-arm-e3-r1,hummingbot__hummingbot-c_1ce05af,True,Submitted,47,14,1977070,19112,10318,0.5672222222222222,False,1.0,1.0,4,4,25,70402,13,25,0,0,13.07
E,s1-arm-e3-r1,icloud-photos-downloader__icloud_photos_downloader-c_f52826c,True,Submitted,18,5,280120,6100,2597,0.14888888888888888,False,1.0,1.0,5,5,12,21157,5,12,0,0,2.8200000000000003
E,s1-arm-e3-r1,langchain-ai__langchain-32996,False,Submitted,59,21,2830216,33280,18689,0.8675,False,1.0,0.5,2,4,30,63678,19,30,0,0,4.37
E,s1-arm-e3-r1,mikf__gallery-dl-7872,False,Submitted,67,28,2425098,26550,15231,0.9325,False,1.0,0.5,2,4,12,38248,8,12,0,0,1.46
E,s1-arm-e3-r1,optuna__optuna-6166,True,Submitted,58,12,3448556,43318,22607,1.0991666666666666,False,1.0,1.0,7,7,22,28420,10,22,0,0,1.2
E,s1-arm-e3-r1,optuna__optuna-6197,True,Submitted,24,10,713887,10839,3995,0.1925,False,1.0,1.0,6,6,16,26619,9,16,0,0,1.61
E,s1-arm-e3-r1,optuna__optuna-c_058e8bc,True,Submitted,15,9,149052,4755,2635,0.10138888888888889,False,1.0,0.0625,1,16,10,20692,6,10,0,0,3.69
E,s1-arm-e3-r1,pandas-dev__pandas-61244,True,Submitted,54,18,1886304,22735,15737,0.5038888888888889,False,1.0,0.3333333333333333,1,3,21,29109,14,21,0,0,9.18
E,s1-arm-e3-r1,pypa__pipenv-6373,True,Submitted,24,12,371363,8703,4647,0.1622222222222222,False,1.0,0.6,3,5,8,4401,8,8,0,0,4.06
E,s1-arm-e3-r1,roboflow__supervision-1943,True,Submitted,44,21,1392673,15427,6976,0.28055555555555556,False,0.9230769230769231,0.9230769230769231,13,13,16,25653,19,16,0,0,4.91
E,s1-arm-e3-r1,stanfordnlp__dspy-1801,,Submitted,60,8,2132211,27608,16770,0.5386111111111112,False,1.0,0.5714285714285714,4,7,19,31669,7,19,0,0,0.79
E,s1-arm-e3-r1,stanfordnlp__dspy-8105,True,Submitted,33,12,978461,15148,9002,0.3308333333333333,False,1.0,1.0,4,4,14,32268,9,14,0,0,3.2800000000000002
E,s1-arm-e3-r1,stanfordnlp__dspy-9047,False,Submitted,10,4,57508,2183,1029,0.0425,False,0.0,0.0,1,2,3,4837,2,3,0,0,0.1
E,s1-arm-e3-r1,stanfordnlp__dspy-9193,,Submitted,132,61,15903003,109452,67757,7.2975,False,1.0,0.5,7,14,17,45534,15,17,0,0,1.28
E,s1-arm-e3-r1,verl-project__verl-3915,False,Submitted,27,8,593054,14346,7503,0.23583333333333334,False,1.0,0.16666666666666666,2,12,9,9420,5,9,0,0,1.06
E,s1-arm-e3-r1,verl-project__verl-4185,True,Submitted,33,10,667703,11974,3809,0.17888888888888888,False,1.0,0.5714285714285714,4,7,8,15477,6,8,0,0,0.5700000000000001
E,s1-arm-e3-r1,vibrantlabsai__ragas-2333,True,Submitted,9,5,57865,1775,663,0.029722222222222223,False,0.5,0.16666666666666666,2,6,1,7235,5,1,0,0,3.72
E,s1-arm-e3-r2-merged,albumentations-team__albumentations-2337,False,Submitted,80,19,5935610,76716,44585,4.153888888888889,False,0.0,0.0,2,4,20,37221,14,20,0,0,3.71
E,s1-arm-e3-r2-merged,albumentations-team__albumentations-2495,False,Submitted,95,24,5263824,44019,29179,1.2847222222222223,False,1.0,0.5454545454545454,6,11,16,28701,15,16,0,0,7.78
E,s1-arm-e3-r2-merged,confident-ai__deepeval-2345,True,Submitted,28,15,813088,15398,7923,0.5155555555555555,False,1.0,0.8571428571428571,6,7,21,45183,14,21,0,0,3.86
E,s1-arm-e3-r2-merged,confident-ai__deepeval-c_08844c8,True,Submitted,78,47,5825601,43518,26558,1.415,False,0.8,1.0,20,16,33,109343,35,33,0,0,12.64
E,s1-arm-e3-r2-merged,confident-ai__deepeval-c_ce72651,False,Submitted,59,18,2750967,25950,14550,0.9419444444444445,False,1.0,1.0,12,12,23,46908,18,23,0,0,9.09
E,s1-arm-e3-r2-merged,google__adk-python-c_19315fe,True,Submitted,34,10,1055764,14282,6844,0.42055555555555557,False,1.0,1.0,3,3,15,65158,10,15,0,0,7.28
E,s1-arm-e3-r2-merged,google__adk-python-c_61adfcd,True,Submitted,19,9,137488,4077,915,0.11166666666666666,False,1.0,1.0,4,4,7,6470,9,7,0,0,3.11
E,s1-arm-e3-r2-merged,google__langextract-239,,Submitted,150,40,16861195,90882,54825,3.165277777777778,False,0.8666666666666667,0.65,15,20,26,45181,34,26,0,0,8.84
E,s1-arm-e3-r2-merged,huggingface__lerobot-2808,False,Submitted,34,8,1039584,21870,11845,0.6541666666666667,False,1.0,0.2777777777777778,5,18,16,22712,6,16,0,0,3.43
E,s1-arm-e3-r2-merged,huggingface__transformers-38332,False,Submitted,129,75,12004964,70597,41882,1.9644444444444444,False,1.0,0.6,6,10,38,127759,43,38,0,0,33.92
E,s1-arm-e3-r2-merged,huggingface__transformers-38788,,Submitted,67,32,3602162,29526,17417,0.7794444444444445,False,1.0,0.8571428571428571,6,7,20,45439,20,20,0,0,26.51
E,s1-arm-e3-r2-merged,hummingbot__hummingbot-c_1ce05af,True,Submitted,57,23,2742815,21426,13020,0.5247222222222222,False,1.0,1.0,4,4,33,85808,21,33,0,0,14.96
E,s1-arm-e3-r2-merged,icloud-photos-downloader__icloud_photos_downloader-c_f52826c,True,Submitted,20,8,359426,8120,3084,0.1525,False,1.0,1.0,5,5,8,18606,8,8,0,0,4.35
E,s1-arm-e3-r2-merged,langchain-ai__langchain-32996,False,Submitted,56,15,2752295,34041,22260,1.1233333333333333,False,1.0,0.5,2,4,24,59351,14,24,0,0,5.21
E,s1-arm-e3-r2-merged,mikf__gallery-dl-7872,False,Submitted,112,57,5900192,52222,31950,1.5052777777777777,False,1.0,0.5,2,4,20,58853,13,20,0,0,7.95
E,s1-arm-e3-r2-merged,optuna__optuna-6166,False,Submitted,59,19,2995171,32759,10299,0.7408333333333333,False,1.0,1.0,7,7,16,24006,16,16,0,0,3.82
E,s1-arm-e3-r2-merged,optuna__optuna-6197,True,Submitted,22,7,570643,10572,4084,0.21722222222222223,False,1.0,1.0,6,6,11,23164,6,11,0,0,2.87
E,s1-arm-e3-r2-merged,optuna__optuna-c_058e8bc,True,Submitted,15,8,135693,4594,2568,0.125,False,1.0,0.0625,1,16,8,8902,4,8,0,0,2.81
E,s1-arm-e3-r2-merged,stanfordnlp__dspy-9193,,Submitted,40,13,963086,12110,6458,0.4147222222222222,False,1.0,0.5714285714285714,8,14,4,4790,9,4,0,0,0.37
E,s1-arm-e3-r2-merged,django__django-19643,False,Submitted,106,30,8211557,65783,45591,3.5325,False,0.8333333333333334,0.5555555555555556,6,9,27,80548,17,27,0,0,12.15
E,s1-arm-e3-r2-merged,pandas-dev__pandas-61244,True,Submitted,50,23,2018889,27147,19542,0.8827777777777778,False,1.0,0.6666666666666666,2,3,36,48526,22,39,0,0,32.46
E,s1-arm-e3-r2-merged,pypa__pipenv-6373,True,Submitted,23,6,392542,9018,5170,0.23222222222222222,False,1.0,0.6,3,5,10,7745,7,10,0,0,4.19
E,s1-arm-e3-r2-merged,roboflow__supervision-1943,True,Submitted,37,19,914719,10492,4709,0.2561111111111111,False,1.0,0.9230769230769231,12,13,15,21364,19,18,0,0,9.16
E,s1-arm-e3-r2-merged,stanfordnlp__dspy-1801,,Submitted,42,11,1637094,31705,20645,1.1552777777777778,False,1.0,0.5714285714285714,4,7,17,31045,10,17,0,0,4.41
E,s1-arm-e3-r2-merged,stanfordnlp__dspy-8105,True,Submitted,36,13,958061,15232,5864,0.6016666666666667,False,1.0,1.0,4,4,10,20689,9,10,0,0,1.58
E,s1-arm-e3-r2-merged,stanfordnlp__dspy-9047,False,Submitted,14,8,97499,2600,916,0.10138888888888889,False,1.0,0.5,1,2,7,13090,4,7,0,0,3.1
E,s1-arm-e3-r2-merged,verl-project__verl-3915,True,Submitted,19,5,360950,8977,3947,0.30777777777777776,False,1.0,0.16666666666666666,2,12,4,5831,2,4,0,0,3.7300000000000004
E,s1-arm-e3-r2-merged,verl-project__verl-4185,True,Submitted,26,7,466422,10694,3891,0.3869444444444444,False,1.0,0.8571428571428571,6,7,10,13918,6,10,0,0,3.96
E,s1-arm-e3-r2-merged,vibrantlabsai__ragas-2333,True,Submitted,10,2,57290,2885,1357,0.06666666666666667,False,1.0,0.16666666666666666,1,6,4,2335,2,4,0,0,2.64
A,s1-arm-a8-r1,albumentations-team__albumentations-2337,True,Submitted,94,27,4740971,59031,32926,1.5227777777777778,False,1.0,0.5,2,4,0,0,0,0,0,0,0
A,s1-arm-a8-r1,albumentations-team__albumentations-2495,False,Submitted,167,61,17620895,105387,70010,3.063888888888889,False,0.5,0.2727272727272727,6,11,0,0,0,0,0,0,0
A,s1-arm-a8-r1,confident-ai__deepeval-2345,True,Submitted,23,12,353071,8401,3234,0.18916666666666668,False,1.0,0.8571428571428571,6,7,0,0,0,0,0,0,0
A,s1-arm-a8-r1,confident-ai__deepeval-c_08844c8,True,Submitted,74,30,3247839,33045,18860,0.7086111111111111,False,0.7272727272727273,1.0,22,16,0,0,0,0,0,0,0
A,s1-arm-a8-r1,confident-ai__deepeval-c_ce72651,True,Submitted,76,24,3391115,33586,20679,0.7438888888888889,False,0.9230769230769231,1.0,13,12,0,0,0,0,0,0,0
A,s1-arm-a8-r1,django__django-19643,False,Submitted,97,28,5465621,53117,35473,1.9819444444444445,False,0.8333333333333334,0.5555555555555556,6,9,0,0,0,0,0,0,0
A,s1-arm-a8-r1,google__adk-python-c_19315fe,False,Submitted,42,24,1054958,15602,8065,0.32166666666666666,False,1.0,1.0,3,3,0,0,0,0,0,0,0
A,s1-arm-a8-r1,google__adk-python-c_61adfcd,True,Submitted,13,6,95165,5827,2549,0.11833333333333333,False,1.0,1.0,4,4,0,0,0,0,0,0,0
A,s1-arm-a8-r1,google__langextract-239,,Submitted,129,40,11396181,72398,41524,1.3363888888888888,False,0.8125,0.65,16,20,0,0,0,0,0,0,0
A,s1-arm-a8-r1,huggingface__lerobot-2808,False,Submitted,32,6,777758,15728,8473,0.3016666666666667,False,1.0,0.2222222222222222,4,18,0,0,0,0,0,0,0
A,s1-arm-a8-r1,huggingface__transformers-38332,True,Submitted,23,6,247610,8899,4952,0.22972222222222222,False,1.0,1.0,10,10,0,0,0,0,0,0,0
A,s1-arm-a8-r1,huggingface__transformers-38788,,Submitted,81,48,3202820,34044,19398,0.6963888888888888,False,1.0,0.7142857142857143,5,7,0,0,0,0,0,0,0
A,s1-arm-a8-r1,hummingbot__hummingbot-c_1ce05af,True,Submitted,54,24,1649955,17876,8609,0.30777777777777776,False,1.0,1.0,4,4,0,0,0,0,0,0,0
A,s1-arm-a8-r1,icloud-photos-downloader__icloud_photos_downloader-c_f52826c,True,Submitted,23,6,369021,7987,3007,0.14777777777777779,False,1.0,1.0,5,5,0,0,0,0,0,0,0
A,s1-arm-a8-r1,langchain-ai__langchain-32996,False,Submitted,41,14,1179855,21496,11256,0.5677777777777778,False,1.0,0.5,2,4,0,0,0,0,0,0,0
A,s1-arm-a8-r1,mikf__gallery-dl-7872,False,Submitted,59,7,1599583,25286,11596,0.4811111111111111,False,1.0,0.5,2,4,0,0,0,0,0,0,0
A,s1-arm-a8-r1,optuna__optuna-6166,True,Submitted,60,14,3511292,42754,20609,0.6472222222222223,False,1.0,1.0,7,7,0,0,0,0,0,0,0
A,s1-arm-a8-r1,optuna__optuna-6197,True,Submitted,32,16,710037,11233,3859,0.1738888888888889,False,1.0,1.0,6,6,0,0,0,0,0,0,0
A,s1-arm-a8-r1,optuna__optuna-c_058e8bc,True,Submitted,11,9,85802,4667,2646,0.08944444444444444,False,1.0,0.0625,1,16,0,0,0,0,0,0,0
A,s1-arm-a8-r1,pandas-dev__pandas-61244,True,Submitted,59,19,1407431,20170,12723,0.4905555555555556,False,1.0,0.6666666666666666,2,3,0,0,0,0,0,0,0
A,s1-arm-a8-r1,pypa__pipenv-6373,True,Submitted,30,12,559094,13335,8475,0.28944444444444445,False,1.0,0.6,3,5,0,0,0,0,0,0,0
A,s1-arm-a8-r1,roboflow__supervision-1943,True,Submitted,60,31,2120868,21640,13306,0.5022222222222222,False,1.0,0.9230769230769231,12,13,0,0,0,0,0,0,0
A,s1-arm-a8-r1,stanfordnlp__dspy-1801,,Submitted,60,16,2492744,41816,25662,0.8413888888888889,False,1.0,0.5714285714285714,4,7,0,0,0,0,0,0,0
A,s1-arm-a8-r1,stanfordnlp__dspy-8105,True,Submitted,24,10,250899,6977,1686,0.12444444444444444,False,1.0,1.0,4,4,0,0,0,0,0,0,0
A,s1-arm-a8-r1,stanfordnlp__dspy-9047,False,Submitted,14,5,64151,1865,434,0.035277777777777776,False,1.0,0.5,1,2,0,0,0,0,0,0,0
A,s1-arm-a8-r1,stanfordnlp__dspy-9193,,Submitted,120,44,14819267,123794,79421,3.223333333333333,False,1.0,0.42857142857142855,6,14,0,0,0,0,0,0,0
A,s1-arm-a8-r1,verl-project__verl-3915,True,Submitted,25,6,553157,12510,6760,0.23722222222222222,False,1.0,0.16666666666666666,2,12,0,0,0,0,0,0,0
A,s1-arm-a8-r1,verl-project__verl-4185,True,Submitted,39,10,791327,13967,5380,0.2638888888888889,False,1.0,0.5714285714285714,4,7,0,0,0,0,0,0,0
A,s1-arm-a8-r1,vibrantlabsai__ragas-2333,True,Submitted,12,3,60717,3146,1245,0.04972222222222222,False,1.0,0.16666666666666666,1,6,0,0,0,0,0,0,0
A,s1-arm-a8-r2,albumentations-team__albumentations-2337,False,Submitted,103,31,6141446,77109,45037,4.385833333333333,False,1.0,0.5,2,4,0,0,0,0,0,0,0
A,s1-arm-a8-r2,albumentations-team__albumentations-2495,False,Submitted,127,48,10843855,101224,65230,2.944722222222222,False,0.5,0.2727272727272727,6,11,0,0,0,0,0,0,0
A,s1-arm-a8-r2,confident-ai__deepeval-2345,True,Submitted,38,9,1018303,20211,9089,0.4236111111111111,False,0.8571428571428571,0.8571428571428571,7,7,0,0,0,0,0,0,0
A,s1-arm-a8-r2,confident-ai__deepeval-c_08844c8,True,Submitted,78,33,3723741,36274,22323,0.8436111111111111,False,0.7272727272727273,1.0,22,16,0,0,0,0,0,0,0
A,s1-arm-a8-r2,confident-ai__deepeval-c_ce72651,True,Submitted,36,16,1028770,10605,5548,0.2577777777777778,False,1.0,1.0,12,12,0,0,0,0,0,0,0
A,s1-arm-a8-r2,django__django-19643,False,Submitted,83,21,4757053,57623,38523,2.653611111111111,False,0.5714285714285714,0.4444444444444444,7,9,0,0,0,0,0,0,0
A,s1-arm-a8-r2,google__adk-python-c_19315fe,False,Submitted,39,22,767175,12749,5289,0.27444444444444444,False,0.75,1.0,4,3,0,0,0,0,0,0,0
A,s1-arm-a8-r2,google__adk-python-c_61adfcd,True,Submitted,21,11,189937,6733,2643,0.135,False,1.0,1.0,4,4,0,0,0,0,0,0,0
A,s1-arm-a8-r2,google__langextract-239,,Submitted,97,30,6099387,57495,32473,1.1502777777777777,False,0.8125,0.65,16,20,0,0,0,0,0,0,0
A,s1-arm-a8-r2,huggingface__lerobot-2808,True,Submitted,35,16,815630,14425,6785,0.2836111111111111,False,1.0,0.2777777777777778,5,18,0,0,0,0,0,0,0
A,s1-arm-a8-r2,huggingface__transformers-38332,False,Submitted,151,80,12749556,78388,48134,2.0413888888888887,False,1.0,0.7,7,10,0,0,0,0,0,0,0
A,s1-arm-a8-r2,huggingface__transformers-38788,,Submitted,83,32,3431611,30728,17310,0.8175,False,1.0,0.7142857142857143,5,7,0,0,0,0,0,0,0
A,s1-arm-a8-r2,hummingbot__hummingbot-c_1ce05af,True,Submitted,61,18,1926515,20355,10499,0.39944444444444444,False,1.0,1.0,4,4,0,0,0,0,0,0,0
A,s1-arm-a8-r2,icloud-photos-downloader__icloud_photos_downloader-c_f52826c,True,Submitted,17,4,217029,7583,2745,0.1175,False,1.0,1.0,5,5,0,0,0,0,0,0,0
A,s1-arm-a8-r2,langchain-ai__langchain-32996,False,Submitted,54,20,1961612,31933,20015,0.7116666666666667,False,0.5,0.25,2,4,0,0,0,0,0,0,0
A,s1-arm-a8-r2,mikf__gallery-dl-7872,False,Submitted,70,28,2264012,31554,17443,0.8583333333333333,False,1.0,0.5,2,4,0,0,0,0,0,0,0
A,s1-arm-a8-r2,optuna__optuna-6166,True,Submitted,59,12,3120920,36515,20274,1.2216666666666667,False,1.0,1.0,7,7,0,0,0,0,0,0,0
A,s1-arm-a8-r2,optuna__optuna-6197,True,Submitted,31,11,687857,11019,4040,0.18916666666666668,False,1.0,1.0,6,6,0,0,0,0,0,0,0
A,s1-arm-a8-r2,optuna__optuna-c_058e8bc,True,Submitted,14,7,119018,5314,3181,0.11333333333333333,False,1.0,0.0625,1,16,0,0,0,0,0,0,0
A,s1-arm-a8-r2,pandas-dev__pandas-61244,True,Submitted,90,36,3239587,25457,15095,0.6575,False,1.0,0.6666666666666666,2,3,0,0,0,0,0,0,0
A,s1-arm-a8-r2,pypa__pipenv-6373,True,Submitted,23,6,402619,11458,6608,0.2652777777777778,False,1.0,0.6,3,5,0,0,0,0,0,0,0
A,s1-arm-a8-r2,roboflow__supervision-1943,True,Submitted,49,25,1463618,16547,8167,0.3877777777777778,False,1.0,0.9230769230769231,12,13,0,0,0,0,0,0,0
A,s1-arm-a8-r2,stanfordnlp__dspy-1801,,Submitted,56,15,2120198,32758,18817,0.6452777777777777,False,1.0,0.5714285714285714,4,7,0,0,0,0,0,0,0
A,s1-arm-a8-r2,stanfordnlp__dspy-8105,True,Submitted,28,9,510441,9858,4505,0.17777777777777778,False,1.0,1.0,4,4,0,0,0,0,0,0,0
A,s1-arm-a8-r2,stanfordnlp__dspy-9047,False,Submitted,15,3,93027,2813,974,0.057777777777777775,False,1.0,0.5,1,2,0,0,0,0,0,0,0
A,s1-arm-a8-r2,stanfordnlp__dspy-9193,,Submitted,139,38,18205996,100706,59151,2.7577777777777777,False,1.0,0.42857142857142855,6,14,0,0,0,0,0,0,0
A,s1-arm-a8-r2,verl-project__verl-3915,False,Submitted,29,12,803815,17025,8216,0.31083333333333335,False,1.0,0.25,3,12,0,0,0,0,0,0,0
A,s1-arm-a8-r2,verl-project__verl-4185,True,Submitted,35,13,714602,12358,5577,0.22333333333333333,False,1.0,0.8571428571428571,6,7,0,0,0,0,0,0,0
A,s1-arm-a8-r2,vibrantlabsai__ragas-2333,True,Submitted,12,4,62299,2496,857,0.04611111111111111,False,0.5,0.16666666666666666,2,6,0,0,0,0,0,0,0
