id,position,stratum,family,format_valid,decision_correct,internally_consistent,full_correct,false_clear,false_report,strict_json,decision_valid,reason_correct,selected_exact,count_exact,eos_finished,order_assessable,requested_order_followed
rc-calibration-00020,0,trigger_report,all__approved_only__events,1,1,1,1,0,0,1,1,1,1,1,1,1,1
rc-calibration-00156,1,clear,all__approved_only__issues,1,1,1,1,0,0,1,1,1,1,1,1,1,1
rc-calibration-00185,2,clear,current__approved_only__issues,1,1,1,1,0,0,1,1,1,1,1,1,1,1
rc-calibration-00161,3,clear,current__none__events,1,1,1,1,0,0,1,1,1,1,1,1,1,1
rc-calibration-00085,4,control_report,all__approved_only__events,1,1,1,1,0,0,1,1,1,1,1,1,1,1
rc-calibration-00010,5,trigger_report,all__none__events,1,1,1,1,0,0,1,1,1,1,1,1,1,1
rc-calibration-00034,6,trigger_report,current__approved_only__events,1,1,1,1,0,0,1,1,1,1,1,1,1,1
rc-calibration-00056,7,trigger_report,current__approved_only__issues,1,1,1,1,0,0,1,1,1,1,1,1,1,1
rc-calibration-00147,8,clear,current__none__issues,1,1,1,1,0,0,1,1,1,1,1,1,1,1
rc-calibration-00064,9,control_report,all__approved_only__issues,1,1,1,1,0,0,1,1,1,1,1,1,1,1
rc-calibration-00041,10,trigger_report,current__none__issues,1,1,1,1,0,0,1,1,1,1,1,1,1,1
rc-calibration-00045,11,trigger_report,current__approved_only__events,1,1,1,1,0,0,1,1,1,1,1,1,1,1
rc-calibration-00087,12,control_report,current__none__issues,1,1,1,1,0,0,1,1,1,1,1,1,1,1
rc-calibration-00062,13,trigger_report,all__none__issues,1,1,1,1,0,0,1,1,1,1,1,1,1,1
rc-calibration-00055,14,trigger_report,all__none__issues,1,1,1,1,0,0,1,1,1,1,1,1,1,1
rc-calibration-00035,15,trigger_report,current__none__issues,1,1,1,1,0,0,1,1,1,1,1,1,1,1
rc-calibration-00099,16,control_report,all__none__events,1,1,1,1,0,0,1,1,1,1,1,1,1,1
rc-calibration-00142,17,clear,all__approved_only__issues,1,1,1,1,0,0,1,1,1,1,1,1,1,1
rc-calibration-00188,18,clear,current__approved_only__issues,1,1,1,1,0,0,1,1,1,1,1,1,1,1
rc-calibration-00163,19,clear,all__approved_only__issues,1,1,1,1,0,0,1,1,1,1,1,1,1,1
rc-calibration-00130,20,clear,current__approved_only__issues,1,1,1,1,0,0,1,1,1,1,1,1,1,1
rc-calibration-00048,21,trigger_report,all__none__events,1,1,1,1,0,0,1,1,1,1,1,1,1,1
rc-calibration-00102,22,control_report,all__approved_only__issues,1,1,1,1,0,0,1,1,1,1,1,1,1,1
rc-calibration-00184,23,clear,current__none__events,1,1,1,1,0,0,1,1,1,1,1,1,1,1
rc-calibration-00135,24,clear,all__approved_only__events,1,0,0,0,0,1,1,1,1,1,1,1,1,1
rc-calibration-00115,25,control_report,all__approved_only__issues,1,1,1,1,0,0,1,1,1,1,1,1,1,1
rc-calibration-00121,26,control_report,all__none__issues,1,1,1,1,0,0,1,1,1,1,1,1,1,1
rc-calibration-00000,27,trigger_report,all__approved_only__events,1,1,1,1,0,0,1,1,1,1,1,1,1,1
rc-calibration-00066,28,control_report,all__none__events,1,1,1,1,0,0,1,1,1,1,1,1,1,1
rc-calibration-00094,29,control_report,current__approved_only__events,1,1,1,1,0,0,1,1,1,1,1,1,1,1
rc-calibration-00060,30,trigger_report,current__approved_only__issues,1,1,1,1,0,0,1,1,1,1,1,1,1,1
rc-calibration-00167,31,clear,all__none__issues,1,1,1,1,0,0,1,1,1,1,1,1,1,1
rc-calibration-00112,32,control_report,all__approved_only__events,1,1,1,1,0,0,1,1,1,1,1,1,1,1
rc-calibration-00036,33,trigger_report,all__none__events,1,1,1,1,0,0,1,1,1,1,1,1,1,1
rc-calibration-00144,34,clear,all__none__issues,1,1,1,1,0,0,1,1,1,1,1,1,1,1
rc-calibration-00181,35,clear,current__none__events,1,1,1,1,0,0,1,1,1,1,1,1,1,1
rc-calibration-00182,36,clear,all__none__events,1,1,1,1,0,0,1,1,1,1,1,1,1,1
rc-calibration-00061,37,trigger_report,all__approved_only__issues,1,1,0,0,0,0,1,1,1,0,0,1,1,1
rc-calibration-00032,38,trigger_report,current__none__events,1,1,1,1,0,0,1,1,1,1,1,1,1,1
rc-calibration-00160,39,clear,all__none__events,1,1,1,1,0,0,1,1,1,1,1,1,1,1
rc-calibration-00015,40,trigger_report,all__approved_only__events,1,1,1,1,0,0,1,1,1,1,1,1,1,1
rc-calibration-00030,41,trigger_report,current__approved_only__issues,1,1,1,1,0,0,1,1,1,1,1,1,1,1
rc-calibration-00191,42,clear,all__approved_only__events,1,1,1,1,0,0,1,1,1,1,1,1,1,1
rc-calibration-00176,43,clear,all__approved_only__events,1,1,1,1,0,0,1,1,1,1,1,1,1,1
rc-calibration-00009,44,trigger_report,all__approved_only__issues,1,1,1,1,0,0,1,1,1,1,1,1,1,1
rc-calibration-00031,45,trigger_report,current__none__issues,1,1,1,1,0,0,1,1,1,1,1,1,1,1
rc-calibration-00173,46,clear,current__approved_only__events,1,1,1,1,0,0,1,1,1,1,1,1,1,1
rc-calibration-00097,47,control_report,current__none__issues,1,1,1,1,0,0,1,1,1,1,1,1,1,1
rc-calibration-00096,48,control_report,all__none__events,1,1,1,1,0,0,1,1,1,1,1,1,1,1
rc-calibration-00083,49,control_report,all__approved_only__events,1,1,1,1,0,0,1,1,1,1,1,1,1,1
rc-calibration-00051,50,trigger_report,all__none__events,1,1,1,1,0,0,1,1,1,1,1,1,1,1
rc-calibration-00105,51,control_report,current__none__events,1,1,1,1,0,0,1,1,1,1,1,1,1,1
rc-calibration-00155,52,clear,all__none__issues,1,1,1,1,0,0,1,1,1,1,1,1,1,1
rc-calibration-00106,53,control_report,current__none__events,1,1,1,1,0,0,1,1,1,1,1,1,1,1
rc-calibration-00180,54,clear,all__approved_only__events,1,1,1,1,0,0,1,1,1,1,1,1,1,1
rc-calibration-00024,55,trigger_report,current__none__events,1,1,1,1,0,0,1,1,1,1,1,1,1,1
rc-calibration-00175,56,clear,all__none__issues,1,1,1,1,0,0,1,1,1,1,1,1,1,1
rc-calibration-00158,57,clear,all__approved_only__issues,1,1,1,1,0,0,1,1,1,1,1,1,1,1
rc-calibration-00120,58,control_report,current__approved_only__events,1,1,1,1,0,0,1,1,1,1,1,1,1,1
rc-calibration-00159,59,clear,all__none__events,1,1,1,1,0,0,1,1,1,1,1,1,1,1
rc-calibration-00088,60,control_report,current__none__issues,1,1,1,1,0,0,1,1,1,1,1,1,1,1
rc-calibration-00107,61,control_report,current__none__events,1,1,1,1,0,0,1,1,1,1,1,1,1,1
rc-calibration-00022,62,trigger_report,current__none__events,1,1,1,1,0,0,1,1,1,1,1,1,1,1
rc-calibration-00027,63,trigger_report,current__approved_only__issues,1,1,1,1,0,0,1,1,1,1,1,1,1,1
rc-calibration-00006,64,trigger_report,current__none__events,1,1,1,1,0,0,1,1,1,1,1,1,1,1
rc-calibration-00017,65,trigger_report,current__none__issues,1,1,0,0,0,0,1,1,1,0,1,1,1,1
rc-calibration-00150,66,clear,current__none__events,1,1,1,1,0,0,1,1,1,1,1,1,1,1
rc-calibration-00053,67,trigger_report,current__approved_only__events,1,1,1,1,0,0,1,1,1,1,1,1,1,1
rc-calibration-00069,68,control_report,all__approved_only__issues,1,1,1,1,0,0,1,1,1,1,1,1,1,1
rc-calibration-00116,69,control_report,all__none__events,1,1,1,1,0,0,1,1,1,1,1,1,1,1
rc-calibration-00169,70,clear,current__none__events,1,0,0,0,0,1,1,1,1,1,1,1,1,1
rc-calibration-00028,71,trigger_report,all__none__issues,1,1,1,1,0,0,1,1,1,1,1,1,1,1
rc-calibration-00057,72,trigger_report,current__approved_only__issues,1,1,1,1,0,0,1,1,1,1,1,1,1,1
rc-calibration-00114,73,control_report,current__approved_only__issues,1,1,1,1,0,0,1,1,1,1,1,1,1,1
rc-calibration-00148,74,clear,all__none__events,1,1,1,1,0,0,1,1,1,1,1,1,1,1
rc-calibration-00084,75,control_report,all__none__issues,1,1,1,1,0,0,1,1,1,1,1,1,1,1
rc-calibration-00125,76,control_report,all__none__events,1,1,1,1,0,0,1,1,1,1,1,1,1,1
rc-calibration-00113,77,control_report,all__approved_only__events,1,1,1,1,0,0,1,1,1,1,1,1,1,1
rc-calibration-00018,78,trigger_report,current__approved_only__events,1,1,1,1,0,0,1,1,1,1,1,1,1,1
rc-calibration-00023,79,trigger_report,all__none__events,1,1,1,1,0,0,1,1,1,1,1,1,1,1
rc-calibration-00005,80,trigger_report,all__none__issues,1,1,1,1,0,0,1,1,1,1,1,1,1,1
rc-calibration-00008,81,trigger_report,all__none__events,1,1,1,1,0,0,1,1,1,1,1,1,1,1
rc-calibration-00178,82,clear,all__none__events,1,1,1,1,0,0,1,1,1,1,1,1,1,1
rc-calibration-00126,83,control_report,current__none__issues,1,1,1,1,0,0,1,1,1,1,1,1,1,1
rc-calibration-00140,84,clear,current__none__issues,1,1,1,1,0,0,1,1,1,1,1,1,1,1
rc-calibration-00052,85,trigger_report,all__approved_only__issues,1,1,1,1,0,0,1,1,1,1,1,1,1,1
rc-calibration-00039,86,trigger_report,current__approved_only__issues,1,1,1,1,0,0,1,1,1,1,1,1,1,1
rc-calibration-00001,87,trigger_report,all__approved_only__issues,1,1,1,1,0,0,1,1,1,1,1,1,1,1
rc-calibration-00100,88,control_report,all__approved_only__events,1,1,1,1,0,0,1,1,1,1,1,1,1,1
rc-calibration-00007,89,trigger_report,all__none__events,1,1,1,1,0,0,1,1,1,1,1,1,1,1
rc-calibration-00049,90,trigger_report,current__none__issues,1,1,1,1,0,0,1,1,1,1,1,1,1,1
rc-calibration-00187,91,clear,current__none__issues,1,1,1,1,0,0,1,1,1,1,1,1,1,1
rc-calibration-00129,92,clear,all__approved_only__issues,1,0,0,0,0,1,1,1,1,1,1,1,1,1
rc-calibration-00174,93,clear,all__none__events,1,1,1,1,0,0,1,1,1,1,1,1,1,1
rc-calibration-00016,94,trigger_report,all__approved_only__events,1,1,1,1,0,0,1,1,1,1,1,1,1,1
rc-calibration-00093,95,control_report,all__approved_only__events,1,1,1,1,0,0,1,1,1,1,1,1,1,1
rc-calibration-00026,96,trigger_report,current__none__issues,1,1,1,1,0,0,1,1,1,1,1,1,1,1
rc-calibration-00092,97,control_report,current__approved_only__issues,1,1,1,1,0,0,1,1,1,1,1,1,1,1
rc-calibration-00043,98,trigger_report,all__none__issues,1,1,1,1,0,0,1,1,1,1,1,1,1,1
rc-calibration-00111,99,control_report,all__none__issues,1,1,1,1,0,0,1,1,1,1,1,1,1,1
rc-calibration-00145,100,clear,current__none__issues,1,1,1,1,0,0,1,1,1,1,1,1,1,1
rc-calibration-00058,101,trigger_report,current__none__events,1,1,1,1,0,0,1,1,1,1,1,1,1,1
rc-calibration-00171,102,clear,current__none__issues,1,1,1,1,0,0,1,1,1,1,1,1,1,1
rc-calibration-00059,103,trigger_report,current__approved_only__events,1,1,1,1,0,0,1,1,1,1,1,1,1,1
rc-calibration-00139,104,clear,all__none__issues,1,1,1,1,0,0,1,1,1,1,1,1,1,1
rc-calibration-00123,105,control_report,current__approved_only__issues,1,1,1,1,0,0,1,1,1,1,1,1,1,1
rc-calibration-00138,106,clear,current__approved_only__events,1,1,1,1,0,0,1,1,1,1,1,1,1,1
rc-calibration-00071,107,control_report,current__approved_only__events,1,1,1,1,0,0,1,1,1,1,1,1,1,1
rc-calibration-00109,108,control_report,current__none__issues,1,1,1,1,0,0,1,1,1,1,1,1,1,1
rc-calibration-00013,109,trigger_report,all__none__issues,1,1,1,1,0,0,1,1,1,1,1,1,1,1
rc-calibration-00080,110,control_report,current__approved_only__issues,1,1,1,1,0,0,1,1,1,1,1,1,1,1
rc-calibration-00075,111,control_report,current__none__issues,1,1,0,0,0,0,1,1,1,0,0,1,1,1
rc-calibration-00179,112,clear,all__approved_only__issues,1,1,1,1,0,0,1,1,1,1,1,1,1,1
rc-calibration-00168,113,clear,current__approved_only__events,1,1,1,1,0,0,1,1,1,1,1,1,1,1
rc-calibration-00074,114,control_report,current__approved_only__issues,1,1,1,1,0,0,1,1,1,1,1,1,1,1
rc-calibration-00078,115,control_report,all__none__issues,1,1,1,1,0,0,1,1,1,1,1,1,1,1
rc-calibration-00004,116,trigger_report,current__approved_only__issues,1,1,1,1,0,0,1,1,1,1,1,1,1,1
rc-calibration-00162,117,clear,all__approved_only__issues,1,1,1,1,0,0,1,1,1,1,1,1,1,1
rc-calibration-00012,118,trigger_report,current__none__events,1,1,1,1,0,0,1,1,1,1,1,1,1,1
rc-calibration-00011,119,trigger_report,all__approved_only__events,1,1,1,1,0,0,1,1,1,1,1,1,1,1
rc-calibration-00134,120,clear,current__approved_only__issues,1,1,1,1,0,0,1,1,1,1,1,1,1,1
rc-calibration-00127,121,control_report,all__approved_only__issues,1,1,0,0,0,0,1,1,1,0,0,1,1,1
rc-calibration-00076,122,control_report,current__approved_only__issues,1,1,1,1,0,0,1,1,1,1,1,1,1,1
rc-calibration-00073,123,control_report,all__approved_only__issues,1,1,1,1,0,0,1,1,1,1,1,1,1,1
rc-calibration-00124,124,control_report,current__approved_only__issues,1,1,1,1,0,0,1,1,1,1,1,1,1,1
rc-calibration-00070,125,control_report,current__none__events,1,1,1,1,0,0,1,1,1,1,1,1,1,1
rc-calibration-00065,126,control_report,current__none__events,1,1,1,1,0,0,1,1,1,1,1,1,1,1
rc-calibration-00050,127,trigger_report,current__approved_only__events,1,1,1,1,0,0,1,1,1,1,1,1,1,1
rc-calibration-00137,128,clear,current__none__events,1,1,1,1,0,0,1,1,1,1,1,1,1,1
rc-calibration-00089,129,control_report,all__none__issues,1,1,1,1,0,0,1,1,1,1,1,1,1,1
rc-calibration-00082,130,control_report,all__none__events,1,1,1,1,0,0,1,1,1,1,1,1,1,1
rc-calibration-00042,131,trigger_report,all__approved_only__events,1,1,1,1,0,0,1,1,1,1,1,1,1,1
rc-calibration-00038,132,trigger_report,all__none__issues,1,1,1,1,0,0,1,1,1,1,1,1,1,1
rc-calibration-00183,133,clear,current__none__events,1,1,1,1,0,0,1,1,1,1,1,1,1,1
rc-calibration-00033,134,trigger_report,current__none__issues,1,1,1,1,0,0,1,1,1,1,1,1,1,1
rc-calibration-00079,135,control_report,current__approved_only__events,1,1,1,1,0,0,1,1,1,1,1,1,1,1
rc-calibration-00110,136,control_report,all__approved_only__issues,1,1,1,1,0,0,1,1,1,1,1,1,1,1
rc-calibration-00136,137,clear,all__none__issues,1,1,1,1,0,0,1,1,1,1,1,1,1,1
rc-calibration-00019,138,trigger_report,current__approved_only__events,1,1,1,1,0,0,1,1,1,1,1,1,1,1
rc-calibration-00029,139,trigger_report,current__approved_only__issues,1,1,1,1,0,0,1,1,1,1,1,1,1,1
rc-calibration-00186,140,clear,all__approved_only__events,1,1,1,1,0,0,1,1,1,1,1,1,1,1
rc-calibration-00119,141,control_report,all__approved_only__issues,1,1,1,1,0,0,1,1,1,1,1,1,1,1
rc-calibration-00152,142,clear,current__approved_only__issues,1,0,0,0,0,1,1,1,1,1,1,1,1,1
rc-calibration-00153,143,clear,current__approved_only__events,1,1,1,1,0,0,1,1,1,1,1,1,1,1
rc-calibration-00117,144,control_report,current__approved_only__events,1,1,1,1,0,0,1,1,1,1,1,1,1,1
rc-calibration-00166,145,clear,all__approved_only__issues,1,1,1,1,0,0,1,1,1,1,1,1,1,1
rc-calibration-00118,146,control_report,current__none__events,1,1,1,1,0,0,1,1,1,1,1,1,1,1
rc-calibration-00067,147,control_report,all__approved_only__events,1,1,1,1,0,0,1,1,1,1,1,1,1,1
rc-calibration-00131,148,clear,current__none__issues,1,1,1,1,0,0,1,1,1,1,1,1,1,1
rc-calibration-00025,149,trigger_report,all__approved_only__issues,1,1,1,1,0,0,1,1,1,1,1,1,1,1
rc-calibration-00103,150,control_report,current__none__issues,1,1,1,1,0,0,1,1,1,1,1,1,1,1
rc-calibration-00091,151,control_report,current__approved_only__events,1,1,1,1,0,0,1,1,1,1,1,1,1,1
rc-calibration-00189,152,clear,current__approved_only__issues,1,1,1,1,0,0,1,1,1,1,1,1,1,1
rc-calibration-00003,153,trigger_report,all__approved_only__events,1,1,1,1,0,0,1,1,1,1,1,1,1,1
rc-calibration-00002,154,trigger_report,all__approved_only__issues,1,1,1,1,0,0,1,1,1,1,1,1,1,1
rc-calibration-00149,155,clear,current__approved_only__issues,1,1,1,1,0,0,1,1,1,1,1,1,1,1
rc-calibration-00086,156,control_report,current__none__events,1,1,1,1,0,0,1,1,1,1,1,1,1,1
rc-calibration-00101,157,control_report,current__approved_only__events,1,1,1,1,0,0,1,1,1,1,1,1,1,1
rc-calibration-00133,158,clear,current__approved_only__issues,1,1,1,1,0,0,1,1,1,1,1,1,1,1
rc-calibration-00014,159,trigger_report,all__none__issues,1,1,1,1,0,0,1,1,1,1,1,1,1,1
rc-calibration-00164,160,clear,all__none__events,1,1,1,1,0,0,1,1,1,1,1,1,1,1
rc-calibration-00172,161,clear,all__none__issues,1,0,0,0,0,1,1,1,1,1,1,1,1,1
rc-calibration-00072,162,control_report,current__none__events,1,1,1,1,0,0,1,1,1,1,1,1,1,1
rc-calibration-00151,163,clear,current__none__events,1,1,1,1,0,0,1,1,1,1,1,1,1,1
rc-calibration-00063,164,trigger_report,current__none__events,1,1,1,1,0,0,1,1,1,1,1,1,1,1
rc-calibration-00170,165,clear,all__none__issues,1,1,1,1,0,0,1,1,1,1,1,1,1,1
rc-calibration-00157,166,clear,all__approved_only__events,1,0,0,0,0,1,1,1,1,1,1,1,1,1
rc-calibration-00054,167,trigger_report,all__approved_only__issues,1,1,1,1,0,0,1,1,1,1,1,1,1,1
rc-calibration-00177,168,clear,all__none__events,1,1,1,1,0,0,1,1,1,1,1,1,1,1
rc-calibration-00068,169,control_report,current__approved_only__events,1,1,1,1,0,0,1,1,1,1,1,1,1,1
rc-calibration-00132,170,clear,current__approved_only__events,1,1,1,1,0,0,1,1,1,1,1,1,1,1
rc-calibration-00090,171,control_report,all__none__issues,1,1,1,1,0,0,1,1,1,1,1,1,1,1
rc-calibration-00128,172,clear,current__none__issues,1,1,1,1,0,0,1,1,1,1,1,1,1,1
rc-calibration-00141,173,clear,current__approved_only__events,1,1,1,1,0,0,1,1,1,1,1,1,1,1
rc-calibration-00047,174,trigger_report,current__none__issues,1,1,1,1,0,0,1,1,1,1,1,1,1,1
rc-calibration-00108,175,control_report,all__none__events,1,1,1,1,0,0,1,1,1,1,1,1,1,1
rc-calibration-00081,176,control_report,all__approved_only__events,1,1,1,1,0,0,1,1,1,1,1,1,1,1
rc-calibration-00104,177,control_report,all__none__issues,1,1,1,1,0,0,1,1,1,1,1,1,1,1
rc-calibration-00046,178,trigger_report,all__none__events,1,1,1,1,0,0,1,1,1,1,1,1,1,1
rc-calibration-00190,179,clear,current__approved_only__events,1,1,1,1,0,0,1,1,1,1,1,1,1,1
rc-calibration-00154,180,clear,all__approved_only__events,1,1,1,1,0,0,1,1,1,1,1,1,1,1
rc-calibration-00021,181,trigger_report,current__none__events,1,1,1,1,0,0,1,1,1,1,1,1,1,1
rc-calibration-00143,182,clear,current__none__issues,1,1,1,1,0,0,1,1,1,1,1,1,1,1
rc-calibration-00165,183,clear,current__approved_only__events,1,1,1,1,0,0,1,1,1,1,1,1,1,1
rc-calibration-00037,184,trigger_report,current__approved_only__events,1,1,1,1,0,0,1,1,1,1,1,1,1,1
rc-calibration-00098,185,control_report,current__approved_only__issues,1,1,1,1,0,0,1,1,1,1,1,1,1,1
rc-calibration-00040,186,trigger_report,all__approved_only__issues,1,1,1,1,0,0,1,1,1,1,1,1,1,1
rc-calibration-00044,187,trigger_report,all__approved_only__events,1,1,1,1,0,0,1,1,1,1,1,1,1,1
rc-calibration-00146,188,clear,all__approved_only__events,1,1,1,1,0,0,1,1,1,1,1,1,1,1
rc-calibration-00122,189,control_report,current__none__issues,1,1,1,1,0,0,1,1,1,1,1,1,1,1
rc-calibration-00077,190,control_report,all__none__issues,1,1,1,1,0,0,1,1,1,1,1,1,1,1
rc-calibration-00095,191,control_report,all__none__events,1,1,1,1,0,0,1,1,1,1,1,1,1,1
